school_id,name,minutes,half_width_m,pop_reachable,pop_straightline,pop_reach_ratio
rotterdam_0000,PCBS Prinses Margriet,5,40.0,504.9704754829407,2199.2799469375614,0.2296071840177048
rotterdam_0001,Peuterspeelzaal Dikkie Dik,5,40.0,452.60415525436395,1560.5783860230445,0.2900233396207504
rotterdam_0002,Basisschool Müllerpier,5,40.0,327.4665188527107,1115.4968565371632,0.2935611310185714
rotterdam_0003,De Boog,5,40.0,792.129564886093,2338.77999751091,0.3386934922177937
rotterdam_0004,Basisschool de Wissel,5,40.0,652.6392167901994,1740.3589612019061,0.3750026467755143
rotterdam_0005,Delfshaven,5,40.0,672.2927691459656,2841.737859621048,0.2365780386357021
rotterdam_0006,,5,40.0,672.2927691459656,2627.7171615171437,0.2558467018413083
rotterdam_0007,Luzac Rotterdam,5,40.0,892.2238440227508,3209.337294216156,0.2780087482953911
rotterdam_0008,BSO Prinsjes en Prinsesjes,5,40.0,772.9995063474773,2289.941019590795,0.3375630637358555
rotterdam_0009,CBS De Sleutel,5,40.0,1900.4956546783446,3935.6946946525577,0.48288696205540405
rotterdam_0010,Oranjeschool,5,40.0,1593.0537637901307,3749.120785221904,0.4249139611797918
rotterdam_0011,Het Podium,5,40.0,837.2301948082447,1782.3451589107513,0.46973516359755096
rotterdam_0012,Cornelis Leeflang,5,40.0,494.19453202247615,1626.8767714166643,0.30376887832268795
rotterdam_0013,Augustinusschool,5,40.0,1691.0694423675538,4241.962507820129,0.39865261403184
rotterdam_0014,Small Kidz,5,40.0,1621.7117403030395,3824.0913526725767,0.42407766727896273
rotterdam_0015,Baboeloes,5,40.0,1407.0328190231323,4298.460259628296,0.32733414619140944
rotterdam_0016,KOV Toverkunst,5,40.0,294.307748632431,1495.2290821552278,0.1968312094413084
rotterdam_0017,OBS Pluspunt,5,40.0,504.83458215549587,1755.0643567809461,0.2876444844914057
rotterdam_0018,De Kijkdoos,5,40.0,1261.3614500427245,3620.0005026245117,0.3484423411345478
rotterdam_0019,PCBS Willem van Oranje,5,40.0,1150.3771181106567,3413.806768531799,0.33697780692063245
rotterdam_0020,CBS De Sleutel,5,40.0,1799.5066975402835,4200.243945541382,0.42842909146990976
rotterdam_0021,Pantarijn,5,40.0,1248.6817535018922,3544.844087381363,0.3522529405304014
rotterdam_0022,Christophoor,5,40.0,525.9881263327599,1333.8648777767273,0.3943338902584133
rotterdam_0023,De Catamaran,5,40.0,1141.1941098213197,2028.6339095962048,0.562543150059279
rotterdam_0024,,5,40.0,680.3648135328292,1435.9885643100738,0.4737954259821791
rotterdam_0025,De Regenboog,5,40.0,571.0167138451338,1122.7238536123743,0.508599431648203
rotterdam_0026,Da Costa School,5,40.0,1495.8454805850984,3059.0095456820727,0.48899666975428385
rotterdam_0027,BSO Nieuwenoord,5,40.0,531.6391187477112,1814.017469713688,0.2930727667311944
rotterdam_0028,KDV De Sprookjesboom,5,40.0,613.7734345889091,1656.1907571077347,0.3705934427872087
rotterdam_0029,KDV Kabouterland,5,40.0,646.8737989377976,1044.6603839637341,0.6192192303525258
rotterdam_0030,BSO Stormpolder,5,40.0,158.34722221419213,772.7265041771532,0.204920138442527
rotterdam_0031,De Droomplaats Kiekebos & Buitengewoon,5,40.0,152.79546111702916,779.4878765348344,0.196020317591432
rotterdam_0032,SBO van Heuven Goedhart,5,40.0,797.7463944518565,1371.228382934332,0.5817750014368398
rotterdam_0033,Phuntsok Chö Ling,5,40.0,1123.812406206131,1846.7514840102194,0.6085347248595535
rotterdam_0034,Peutermontessori,5,40.0,1315.4128371429445,3093.6137509155274,0.4252026733310387
rotterdam_0035,Harbour International Primary School,5,40.0,897.9811305618286,2941.4626246833805,0.30528388259173866
rotterdam_0036,De Dikkedeur,5,40.0,9.291029624938965,11.297065703943371,0.8224285729077263
rotterdam_0037,Wow verbazisschool,5,40.0,221.78466243207453,1161.5649881505965,0.19093607735645715
rotterdam_0038,Kindercentrum Prinses Amalia,5,40.0,438.37323309421544,1981.1487286616862,0.2212722481417875
rotterdam_0039,OBS De Groene Palm,5,40.0,829.3616956329346,2161.462524280548,0.38370394411949893
rotterdam_0040,PC de Regenboog,5,40.0,955.3212900221347,1919.6407503312826,0.497656287957666
rotterdam_0041,Zadkine,5,40.0,2166.6310696411133,4281.413736572265,0.5060550563318685
rotterdam_0042,De Globetrotter,5,40.0,285.4850499876589,458.2328215919435,0.6230130984416552
rotterdam_0043,Kleine prins,5,40.0,636.8982977342605,1356.1827372080088,0.4696257224490642
rotterdam_0044,Basisschool Müllerpier,5,40.0,299.8229842972755,1322.5509119205178,0.22670052365839977
rotterdam_0045,Sagenn,5,40.0,139.37393344402312,1075.6255552911757,0.1295747695454243
rotterdam_0046,KindeRdam,5,40.0,620.0785963058472,2851.3995275491475,0.2174646486102286
rotterdam_0047,gro-up,5,40.0,650.2683324050903,3167.978049878478,0.20526289076719906
rotterdam_0048,Het Steigertje,5,40.0,1182.1735510253907,3440.7752048474545,0.34357767672817263
rotterdam_0049,Rolykids,5,40.0,796.9450192642212,2474.732225140929,0.3220328289129695
rotterdam_0050,Kiddoozz,5,40.0,580.9922522209586,2020.438260768503,0.2875575381353003
rotterdam_0051,St. Michaëlschool,5,40.0,580.364743957594,1125.8854536551983,0.5154740582831354
rotterdam_0052,Eduard van Beinum,5,40.0,930.0295651125907,1559.4940824073553,0.5963662033759854
rotterdam_0053,Kinderdam,5,40.0,292.8382291897386,467.75253989562395,0.626053744689625
rotterdam_0054,Small Kidz,5,40.0,1912.6160208892823,3771.4273233264685,0.507133203670572
rotterdam_0055,Kiddoozz,5,40.0,1143.6663275527953,2265.3696238064767,0.5048475602101103
rotterdam_0056,Sjakie,5,40.0,143.23049869269133,401.8610963216423,0.3564179265017787
rotterdam_0057,Het Randstadje,5,40.0,234.71157968878745,1146.064984944761,0.2047977931199951
rotterdam_0058,De Pijler,5,40.0,506.6740804892778,1435.9404307618736,0.35285174066757724
rotterdam_0059,Het Steigertje,5,40.0,1088.3663663482666,5260.1082101440425,0.2069095012626105
rotterdam_0060,Willibrordschool,5,40.0,1088.3663663482666,5419.30560508728,0.20083133258375047
rotterdam_0061,Jan Prins,5,40.0,1911.5970371627807,5461.426041030883,0.3500179298961912
rotterdam_0062,OBS de Schalm,5,40.0,301.5441372401267,695.4272190649062,0.4336099148457154
rotterdam_0063,Zadkine,5,40.0,950.9584793186189,2494.412586732805,0.38123543970894946
rotterdam_0064,De Stoomtram,5,40.0,400.39299303352834,909.992514654696,0.4399959192911171
rotterdam_0065,De Regenboog (obs),5,40.0,568.3282780337333,1714.8837733554838,0.3314092108538033
rotterdam_0066,Young Rotterdam Business School / Young Waldorf School,5,40.0,521.1438179390133,1621.2817449043691,0.32143939175097097
rotterdam_0067,KDBS Het Tangram,5,40.0,125.05922451019288,1492.2636011362076,0.08380504919839427
rotterdam_0068,OBS Passe Partout,5,40.0,254.7360296916962,1447.9600062417983,0.17592753155721982
rotterdam_0069,De Horizon,5,40.0,835.8588982385397,1413.7630204862357,0.5912298497884481
rotterdam_0070,Peuterspeelzaal Dominootje,5,40.0,868.2751340103149,2416.917036755085,0.35924904363951504
rotterdam_0071,De Klimop Oude Noorden,5,40.0,950.5576150894166,3798.1739076614376,0.2502670067771282
rotterdam_0072,Rotterdamsche Schoolvereniging Noord,5,40.0,1912.6160208892823,3472.0861346286533,0.5508550038012926
rotterdam_0073,Het Ritme,5,40.0,259.7157133102417,1316.6180402350053,0.19725972557985355
rotterdam_0074,Sint Mattheusschool,5,40.0,171.7888470816612,1328.3114838742838,0.12932873739870485
rotterdam_0075,Het Epos,5,40.0,508.1156086492539,1396.4393545222283,0.36386514530958514
rotterdam_0076,Kindergarden,5,40.0,379.2507136519253,1600.0670259212516,0.2370217669060261
rotterdam_0077,Kindergarden,5,40.0,955.6894915771485,2430.269649705887,0.39324421950165356
rotterdam_0078,Kindergarden,5,40.0,496.7326443481445,1012.1568412339687,0.49076647423788
rotterdam_0079,Kindergarden,5,40.0,349.8930017900467,884.1288484621048,0.39574888026634014
rotterdam_0080,Kindergarden,5,40.0,317.49055781722075,1253.6022539888695,0.25326259330420736
rotterdam_0081,CompaNanny,5,40.0,1379.4633486557007,3201.301621246338,0.430907022162643
rotterdam_0082,Fatimaschool,5,40.0,1309.4250706291198,3101.6985696697234,0.42216386964016
rotterdam_0083,De Toermalijn,5,40.0,504.06521094203,1257.4326009269803,0.40086857185858926
rotterdam_0084,Shri Saraswatie,5,40.0,809.0674732398987,2409.6442881202697,0.3357622024249235
rotterdam_0085,Accent VSO Op Zuid,5,40.0,864.0326057434082,1976.6914116787912,0.4371105174224392
rotterdam_0086,Mytylschool De Brug,5,40.0,131.66566529989242,1301.7103905360402,0.10114820182519471
rotterdam_0087,Tytylschool Rotterdam,5,40.0,131.66566529989242,1415.0428807704152,0.0930471204011906
rotterdam_0088,Kindcentrum Blijvliet,5,40.0,1763.063338661194,4004.783475112915,0.4402393661523697
rotterdam_0089,Winford Rotterdam,5,40.0,1267.6786926841735,3279.7702492916587,0.38651448007919387
rotterdam_0090,Aja Kabaja,5,40.0,478.838150138855,1363.4334052205086,0.3512002480688907
rotterdam_0091,gro-up kinderopvang,5,40.0,674.0607300871611,2213.2277933859823,0.30456003313419727
rotterdam_0092,Oscar Romeroschool,5,40.0,1314.9683459854127,3273.188253393173,0.4017392964252031
rotterdam_0093,Dikkertje Dap,5,40.0,1509.4521474456787,2804.9721674823763,0.5381344474446242
rotterdam_0094,Het Randstadje,5,40.0,1479.2400987625124,3554.660498185158,0.41614103499272087
rotterdam_0095,Van Brienenoordschool,5,40.0,646.8737989377976,1035.1106749273836,0.624932014137694
rotterdam_0096,CSG Calvijn Lombardijen,5,40.0,381.97069560289384,1645.082219154835,0.23218942564410686
rotterdam_0097,Christelijke Basisschool De Akker,5,40.0,863.6208591842651,3085.6126176357266,0.27988635198348166
rotterdam_0098,BSO de Kantine,5,40.0,421.0308759307861,1541.449225896299,0.27313963305276656
rotterdam_0099,A.J. Schreuderschool,5,40.0,722.1445895242691,1811.2390749824046,0.39870197120790607
rotterdam_0100,"Openbare Montessorischool de Mare, gebouw het Zonnetje",5,40.0,381.97069560289384,1591.251472170353,0.24004420563514903
rotterdam_0101,LMC Expertisecentrum en onderwijsopvangvoorzieningen EZ Zuid,5,40.0,630.8111574792862,2020.2244141572714,0.312248061680032
rotterdam_0102,Vreewijkschool,5,40.0,938.9892251300811,2803.6415302944188,0.334917718611293
rotterdam_0103,Nieuw Zuid locatie Olympiaweg,5,40.0,111.88813690781593,926.4146705472469,0.12077543724747142
rotterdam_0104,A.J. Schreuderschool,5,40.0,565.2337460279465,1524.597534489632,0.370742922798417
rotterdam_0105,Kindcentrum Talma,5,40.0,920.6021372079848,2221.2388941203803,0.41445435682078985
rotterdam_0106,Johannes-Martinusschool,5,40.0,655.4378021049499,2876.9590911483765,0.2278231220324107
rotterdam_0107,,5,40.0,1150.3771181106567,3358.8429914093017,0.34249207868688797
rotterdam_0108,Obs de Toermalijn,5,40.0,561.3670750391484,1249.397384223938,0.44931026919657036
rotterdam_0109,De Droomplaats Kinderopvang Kiekeboe,5,40.0,34.84357098937035,768.3821487782152,0.04534666903021396
rotterdam_0110,Kinderdagverblijf Katinka,5,40.0,1027.6147064876554,2049.45657561183,0.5014083824542019
rotterdam_0111,OBS Finlandia,5,40.0,748.2864399766921,2023.943586621284,0.36971704395469884
rotterdam_0112,Mariaschool,5,40.0,1271.4886716461183,3521.5632661247255,0.36105802325832337
rotterdam_0113,Mariaschool,5,40.0,1271.4886716461183,3545.344571285248,0.3586361342545562
rotterdam_0114,OBS Kasteel Spangen,5,40.0,774.3989778232574,1985.8526084804535,0.3899579326865636
rotterdam_0115,,5,40.0,504.9704754829407,2199.2799469375614,0.2296071840177048
rotterdam_0116,CBS De Ark,5,40.0,1919.032998008728,4314.441377058029,0.4447929245749298
rotterdam_0117,Van Oldenbarneveltschool,5,40.0,1347.970692911148,3483.610637733936,0.3869464280279019
rotterdam_0118,Petrus Datheen,5,40.0,289.20073040008543,741.6766985309124,0.38992829486611114
rotterdam_0119,Instituut Mr. Schats Zuid,5,40.0,550.4264466047285,1621.7413137421013,0.3394045905722425
rotterdam_0120,Het Festijn,5,40.0,665.0260724687577,2285.004119093418,0.2910393320133745
rotterdam_0121,Openbare Literaire Basisschool de Piramide,5,40.0,609.6060864317416,1792.2347254580259,0.3401374149114033
rotterdam_0122,,5,40.0,550.4215653276443,1706.7512763893606,0.32249664783732485
rotterdam_0123,,5,40.0,454.47996908187866,1851.0063692203164,0.24553128321936318
rotterdam_0124,osbs De Kameleon,5,40.0,342.94030630111695,1689.9087920092047,0.20293421036846643
rotterdam_0125,KBS Elisabethschool,5,40.0,620.0580741018803,1919.062755559236,0.3231046365240873
rotterdam_0126,Tyltylschool Rotterdam,5,40.0,206.47729173660275,1264.7922360758485,0.16324996773953987
rotterdam_0127,CSG Calvijn - Calvijn Business School,5,40.0,713.0228588366507,1467.3120366936969,0.4859381242747176
rotterdam_0128,Emmauscollege,5,40.0,846.3192773914336,1197.9033669137955,0.7065004580226187
rotterdam_0129,Minister Marga Klompeschool,5,40.0,261.56608692884447,1625.115880610943,0.16095226811180494
rotterdam_0130,Fridtjof Nansenschool,5,40.0,374.9115051996708,1117.4411643250844,0.33550894415645677
rotterdam_0131,De Kralingsche School,5,40.0,716.7767487576605,2250.2605628160945,0.3185305562395176
rotterdam_0132,De Triangel,5,40.0,1214.5850085830689,2887.116040656567,0.42069144138274983
rotterdam_0133,,5,40.0,809.9102228164672,1968.948863658905,0.4113414206763136
rotterdam_0134,,5,40.0,1088.3663663482666,5153.918773040771,0.21117258813649079
rotterdam_0135,,5,40.0,277.12072607435283,419.5114766702801,0.6605796062455738
rotterdam_0136,OBS Charlois,5,40.0,1042.2657295846939,2235.1105643460155,0.46631506566640774
rotterdam_0137,,5,40.0,234.71157968878745,1169.8742227587104,0.20062975585128123
rotterdam_0138,Het Kompas,5,40.0,775.4515226364136,2292.8685099862514,0.33820147961343994
rotterdam_0139,,5,40.0,1790.1986007690427,3898.661061139107,0.4591829278552325
rotterdam_0140,,5,40.0,1432.1309172821045,3302.73210981369,0.4336200665584386
rotterdam_0141,,5,40.0,652.6392167901994,1718.590957146883,0.3797525025231587
rotterdam_0142,Katholieke basisschool voor Jenaplanonderwijs: Meester Baars,5,40.0,626.8987423611991,1125.342715965044,0.5570736216332094
rotterdam_0143,Onze Wereld,5,40.0,1472.0095433807373,2433.213816833496,0.6049651424782562
rotterdam_0144,Basisschool Park16Hoven,5,40.0,477.3900715062767,984.7929470916092,0.4847618709254099
rotterdam_0145,De Horizon,5,40.0,1514.0386158561705,2478.0322099304203,0.6109842357128532
rotterdam_0146,Plazja Plus,5,40.0,504.83458215549587,1616.6106507262584,0.3122796338924899
rotterdam_0147,,5,40.0,384.08274500966064,1129.4932914447786,0.34004871734861347
rotterdam_0148,Goede Herderschool,5,40.0,1008.8877305221557,2171.6358171159027,0.46457500957137243
rotterdam_0149,Isra,5,40.0,1196.1244688796996,2594.1404263401027,0.461087016236523
rotterdam_0150,,5,40.0,574.2485927248002,1368.6274223560094,0.41957992609578576
rotterdam_0151,,5,40.0,1311.8758433628082,2355.2534121227263,0.556999869572612
rotterdam_0152,Kruidenhoek,5,40.0,1235.4610959029196,2188.5443603682515,0.5645127045517309
rotterdam_0153,Kindcentrum IJsselmonde,5,40.0,1188.2526958084106,2192.113151342273,0.5420581027401896
rotterdam_0154,,5,40.0,752.369383096695,1290.986684856415,0.5827863229901356
rotterdam_0155,de Regenboog,5,40.0,1069.6257117587327,1941.3917328327893,0.5509582088299017
rotterdam_0156,Paus Joannesschool,5,40.0,449.4427787768841,1194.5087422034144,0.37625742106150944
rotterdam_0157,Albert Schweitzerschool,5,40.0,680.3648135328292,1499.9875760555267,0.4535802991928537
rotterdam_0158,De Pionier,5,40.0,1242.4982458287477,2390.2162747332454,0.5198267031159822
rotterdam_0159,,5,40.0,754.0487998771667,1787.7520160651206,0.4217860156784182
rotterdam_0160,,5,40.0,649.1820049095154,1828.9967558300496,0.35493884985864754
rotterdam_0161,,5,40.0,127.03229184865951,520.379662284404,0.24411463601594852
rotterdam_0162,,5,40.0,233.98864438533786,703.0070844477416,0.33283966770996537
rotterdam_0163,Heijbergschool,5,40.0,533.9705936382711,1088.588651288897,0.4905164067309043
rotterdam_0164,De Hildegaertschool,5,40.0,595.8525058555604,2122.8400724220273,0.28068647921071604
rotterdam_0165,,5,40.0,624.9242734146862,1122.1941568107159,0.5568771407531881
rotterdam_0166,,5,40.0,356.87604766167703,770.68457828708,0.4630636939107671
rotterdam_0167,,5,40.0,778.4735142922401,1479.1970375579594,0.5262811474916418
rotterdam_0168,,5,40.0,690.2226729297637,1465.2376531636714,0.4710653397689226
rotterdam_0169,Prins Alexanderschool,5,40.0,351.3405633108318,874.2955819608271,0.40185558586818254
rotterdam_0170,Agnesschool,5,40.0,114.95630535542963,994.578233023882,0.11558296928128053
rotterdam_0171,,5,40.0,221.9102742087841,1055.951405117512,0.21015197587060241
rotterdam_0172,Het Landje,5,40.0,1126.9125512695311,3901.82033996582,0.2888171297193563
rotterdam_0173,,5,40.0,959.4401183223724,2099.715863895416,0.456938071869595
rotterdam_0174,De Piloot,5,40.0,684.1544347286224,1574.5385576319695,0.4345110708229069
rotterdam_0175,De Waterlelie,5,40.0,1136.6223373264074,1938.943611805439,0.5862070100471083
rotterdam_0176,,5,40.0,720.4151958465575,2214.8828958065806,0.3252610768770275
rotterdam_0177,Jan Antonie Bijloo,5,40.0,341.5882196378708,1828.4558074558527,0.18681787016398443
rotterdam_0178,Rudolf Steinerschool,5,40.0,164.38986085653306,1321.6415016240624,0.12438309530574453
rotterdam_0179,De Bavokring,5,40.0,1096.6562546539308,3046.698778990805,0.35994902489742997
rotterdam_0180,De Margriet,5,40.0,695.7008683395385,2759.5626781234146,0.2521054781088125
rotterdam_0181,A. Willeboerschool,5,40.0,321.9004055649042,1192.706941087246,0.26989061141160686
rotterdam_0182,De Triangel,5,40.0,1207.1705027484895,2551.5892695745824,0.47310533758035317
rotterdam_0183,Wilhelminaschool,5,40.0,494.30535610198973,3182.0921149063115,0.15533973821387734
rotterdam_0184,Kindcentrum IJsselmonde,5,40.0,478.98407168269154,1065.5624895799997,0.4495128876688284
rotterdam_0185,Rotterdamse Schoolvereniging Zuid,5,40.0,451.359514131546,1065.0526518806814,0.42379079882532616
rotterdam_0186,Oranjeschool,5,40.0,1446.815893507004,3625.0490460395813,0.39911622577566813
rotterdam_0187,Nieuwe Park Rozenburgschool,5,40.0,573.396971092224,2249.8014659571645,0.25486558692781175
rotterdam_0188,De Stern,5,40.0,31.64369497492909,295.53444135069844,0.10707278255050764
rotterdam_0189,PCBS Beatrixschool,5,40.0,1566.4716043090818,3217.2668105793,0.48689514937277567
rotterdam_0190,Over de Slinge,5,40.0,1508.8822009658816,3169.5216017913817,0.47605992024571675
rotterdam_0191,De Margriet,5,40.0,810.912781586647,3280.6608468580243,0.2471797053826151
rotterdam_0192,Prinses Margrietschool,5,40.0,206.10762492179867,803.7557626110315,0.2564306652710646
rotterdam_0193,De Kleine Plantage,5,40.0,200.79276807785033,1039.0505944395065,0.19324638198793742
rotterdam_0194,Waldorfschool Nesselande,5,40.0,27.444529965203255,520.1982374481483,0.052757829591721435
rotterdam_0195,OBS Passe-Partout,5,40.0,10.51979673231952,87.09956307481974,0.12077898396898809
rotterdam_0196,Vrijeschool Vredehof,5,40.0,763.4948851776123,2591.422995164078,0.2946237980454715
rotterdam_0197,Montessorischool Kralingen,5,40.0,795.6077728670837,2231.3456871799935,0.3565596211461901
rotterdam_0198,Luzac,5,40.0,892.2238440227508,3209.337294216156,0.2780087482953911
rotterdam_0199,Nieuwe Park Rozenburgschool,5,40.0,926.5046405792236,3125.736266450882,0.29641164884049015
rotterdam_0200,Openbare Basisschool Crooswijk,5,40.0,958.5030990600586,3326.2986821746827,0.28815905925603896
rotterdam_0201,Waalse School,5,40.0,836.1675992584228,3351.411367340088,0.24949715436516626
rotterdam_0202,Arentschool,5,40.0,587.688081870079,2755.3364102077485,0.21329086339252787
rotterdam_0203,IBS Noen,5,40.0,310.95274089813233,1795.456161738634,0.17318871244231357
rotterdam_0204,De Blijberg,5,40.0,914.6487217330933,2069.829645206928,0.4418956525485713
rotterdam_0205,De Margriet,5,40.0,985.3104119873047,2425.2614181733134,0.40626977554008686
rotterdam_0206,Dominicusschool,5,40.0,868.2751340103149,2409.8077254986765,0.3603088847391911
rotterdam_0207,De Archipel,5,40.0,603.18263433218,2267.1718334278467,0.26605069163204936
rotterdam_0208,Auris Taalfontein,5,40.0,126.19454315423967,1273.1455708803608,0.09912027818388282
rotterdam_0209,Auris Hildernisseschool,5,40.0,1059.787110118866,1874.9985600662233,0.5652202261325657
rotterdam_0210,Auris Doctor M. Polanoschool,5,40.0,410.4932683944702,1403.0220462489128,0.29257791742614125
rotterdam_0211,,5,40.0,214.33445916593075,1301.662755984664,0.1646620510423946
rotterdam_0212,"Bergse Veld School, Horizon",5,40.0,293.27543157339096,883.7606177048758,0.3318494009554607
rotterdam_0213,Ibn-i Sina,5,40.0,913.3080794525148,2620.771949237287,0.3484881924649381
rotterdam_0214,Pniëlschool,5,40.0,660.0908072662353,3078.1877407735583,0.21444137357923218
rotterdam_0215,Mr. Schats Noord,5,40.0,310.8584708929062,1565.7715396118165,0.19853373434669386
rotterdam_0216,IBS Risala,5,40.0,1242.3780558776855,3270.488503847122,0.3798753777658165
rotterdam_0217,IBS Al-Ghazali,5,40.0,1134.8836563110353,2333.9286444614827,0.4862546500743136
rotterdam_0218,De Wilgenstam,5,40.0,1408.9227818824725,2835.7622184158863,0.4968409455252299
rotterdam_0219,Emmaschool (Nevenvestiging),5,40.0,948.4462076187134,1923.540186456442,0.4930732481165091
rotterdam_0220,Emmaschool (Hoofdvestiging),5,40.0,859.1450554084778,1815.9018220090866,0.47312307581581287
rotterdam_0221,Emmaschool (nevenvestiging),5,40.0,805.4351564407348,1803.091103606224,0.4466968722932778
rotterdam_0222,Koninklijke Visio Onderwijs Rotterdam,5,40.0,802.9519825839996,2174.0810756802557,0.3693293647444869
rotterdam_0223,Juliana van Stolbergschool,5,40.0,1399.045418701172,4372.488303909302,0.3199655028122843
rotterdam_0224,De Globe,5,40.0,1137.2371787834168,3156.486431686878,0.36028578085021534
rotterdam_0225,Recon openluchtschool,5,40.0,599.5831131078303,1792.9644273759423,0.3344088170144783
rotterdam_0226,Doctor A. van Voorthuysenschool,5,40.0,265.91104085922245,945.9008049006015,0.28111937264623144
rotterdam_0227,Wereld op Zuid,5,40.0,804.4033854150773,1333.8648777767273,0.6030621233208036
rotterdam_0228,Basisschool Park16Hoven,5,40.0,11.881669566854836,264.7720337596536,0.04487509272841256
rotterdam_0229,Shri Saraswatie School,5,40.0,380.5002693557739,1983.3381107616424,0.19184841318339516
rotterdam_0230,Vrijeschool Rotterdam-West,5,40.0,638.4321220397949,1897.0350965833663,0.3365420719888819
rotterdam_0231,De Rotterdamse Montessorischool,5,40.0,470.2329572677612,2059.0117716932295,0.22837798391073055
rotterdam_0232,De Korf,5,40.0,1315.4128371429445,3320.3472164344785,0.3961672534222151
rotterdam_0233,Lucas,5,40.0,1511.3002135276793,3100.9311753082275,0.48736980219416143
rotterdam_0234,Lombardia,5,40.0,602.8656876835227,1308.5667037436365,0.46070688330889326
rotterdam_0235,MFC,5,40.0,995.2058945083618,2025.8205354070665,0.4912606408683611
rotterdam_0236,Maria Basisschool,5,40.0,1494.5989139652252,3741.096652164459,0.3995082332610963
rotterdam_0237,Basisschool De Nieuwe Haven,5,40.0,502.1092192649841,833.4091696367365,0.6024762356332626
rotterdam_0238,Basisschool Het Open Venster,5,40.0,440.0364185428619,1916.5850156867505,0.22959399919193677
rotterdam_0239,,5,40.0,536.0197030830384,1989.4744627994296,0.26942778764236774
rotterdam_0240,,5,40.0,459.6608389544487,1117.8710008931162,0.4111930970453706
rotterdam_0241,Talma,5,40.0,566.3981847000123,2169.2773928403853,0.26109993427737144
rotterdam_0242,KDV de Villa,5,40.0,615.9237711286546,1590.5730306720732,0.3872338831675054
rotterdam_0243,Meester Van Eijckschool,5,40.0,858.8005700612068,1409.3662147164346,0.6093523181510336
rotterdam_0244,Rotterdams Onderwijs- en Revalidatiecentrum,5,40.0,127.05148757219315,1445.4359251658618,0.08789838785666972
rotterdam_0245,CBS Beatrix,5,40.0,452.60415525436395,1549.9036579346657,0.2920208317060717
rotterdam_0246,,5,40.0,758.3392213767767,1645.4308703368902,0.4608757712328031
rotterdam_0247,Ibn-i-Sina,5,40.0,301.5550491170585,1584.3864823266304,0.19032922363376437
rotterdam_0248,,5,40.0,756.8021786165237,2017.238144367039,0.3751674936000133
rotterdam_0249,De Lis,5,40.0,873.9494488716125,3318.523732357025,0.26335488890744757
rotterdam_0250,Harbour Bilingual,5,40.0,1048.2373081588744,3583.209232387543,0.29254147334857666
rotterdam_0251,De Starrenburg,5,40.0,1048.3055533981324,2271.9204912519454,0.46141823951790756
rotterdam_0252,Nicolaasschool,5,40.0,799.9903364944458,2880.3065902614594,0.27774485507871816
rotterdam_0253,Het Epos,5,40.0,729.8966075134277,1525.0577042341233,0.47860261646950486
rotterdam_0254,Steven Stemerdingschool,5,40.0,687.6091892027855,1497.4245770525931,0.459194539571548
rotterdam_0255,Tarcisiusschool,5,40.0,428.42697206139565,1671.3707065546512,0.25633270367921623
rotterdam_0256,De Bergse Zonnebloem,5,40.0,691.8361820602418,2553.298955864906,0.2709577664108231
rotterdam_0257,Tarcisiusschool,5,40.0,1323.828644733429,2659.130735071898,0.4978426322832281
rotterdam_0258,Vivere,5,40.0,918.7565247917175,2102.7907648420332,0.4369224652081524
rotterdam_0259,Koningin Wilhelmina School,5,40.0,718.2013713073729,2960.5243230152128,0.24259262648985924
rotterdam_0260,De Piloot,5,40.0,451.576985821724,1436.0617429208755,0.31445513262071845
rotterdam_0261,,5,40.0,768.9067154026031,2873.573967761993,0.2675785360073559
rotterdam_0262,Prinses Julianaschool,5,40.0,1614.7566107177736,4358.667230911255,0.3704702665223151
rotterdam_0263,De Fontein,5,40.0,1325.7575812721252,2622.443824663162,0.5055427951606976
rotterdam_0264,De Stelberg,5,40.0,692.365237350464,1771.8600179445743,0.39075617167186505
rotterdam_0265,De Stelberg,5,40.0,680.6256450843811,1725.9382999324798,0.39435108723817514
rotterdam_0266,De Clipper,5,40.0,466.81558778285984,1712.3155686762927,0.2726224046095266
rotterdam_0267,De Mare,5,40.0,533.450105895996,1739.4046085655689,0.3066854619500607
rotterdam_0268,Montessorischool Tuinstad,5,40.0,305.57997275829314,1298.490653089471,0.23533474964277432
rotterdam_0269,Openbare Daltonschool Overschie,5,40.0,638.011614408493,1567.9730470228196,0.40690215665372187
rotterdam_0270,De Kring,5,40.0,544.2310784626007,1614.7513285398481,0.33703708357046286
rotterdam_0271,Sonnevanck,5,40.0,1043.5270052719118,2743.3556451344493,0.38038342098396416
rotterdam_0272,Laurens Cupertino,5,40.0,1123.3262906646728,3195.177707862854,0.3515692688705029
rotterdam_0273,Nova,5,40.0,567.3151152026654,1474.9521905446054,0.3846328842653485
rotterdam_0274,Openbare Basisschool Delfshaven,5,40.0,993.9980114746094,2532.2460484440626,0.3925361092321068
rotterdam_0275,De Vlinder,5,40.0,1062.2823411369322,2966.701087388992,0.35806854477268957
rotterdam_0276,Imeldaschool,5,40.0,1311.291873512268,4045.4873262786864,0.32413693771684193
rotterdam_0277,Bergkristal,5,40.0,2028.257050628662,4932.834487953186,0.41117476282287757
rotterdam_0278,Kindcentrum Het Oude Westen,5,40.0,1461.1918009567262,4109.741510620117,0.3555434805767742
rotterdam_0279,Mozaïek,5,40.0,1484.3810746002198,4729.203192157745,0.3138755122769331
rotterdam_0280,Het Landje,5,40.0,1564.9834579849244,3701.0127583634853,0.42285275954491147
rotterdam_0281,Jacob Maris,5,40.0,518.9182340621949,1782.4693081617354,0.2911232365607217
rotterdam_0282,Accent Vso Op Noord,5,40.0,266.4357421779632,1375.2539477807284,0.1937356679527554
rotterdam_0283,De Globe,5,40.0,1779.7227126121522,3204.2700048542024,0.5554222053435012
rotterdam_0000,PCBS Prinses Margriet,10,40.0,2380.0814228010177,6773.823642201721,0.3513645392201872
rotterdam_0001,Peuterspeelzaal Dikkie Dik,10,40.0,2428.757998768687,4239.582622999847,0.5728766755464584
rotterdam_0002,Basisschool Müllerpier,10,40.0,1425.1406634253262,3793.376457583178,0.37569186168601537
rotterdam_0003,De Boog,10,40.0,4307.03014620781,9064.78586120937,0.47513865326248217
rotterdam_0004,Basisschool de Wissel,10,40.0,2139.201725915968,6036.486716132164,0.35437860240776714
rotterdam_0005,Delfshaven,10,40.0,2060.666989178658,8209.005814983248,0.2510251589074874
rotterdam_0006,,10,40.0,2077.123835706711,7753.216831303835,0.267904778223184
rotterdam_0007,Luzac Rotterdam,10,40.0,4033.875435140431,9469.930572289824,0.4259667380185494
rotterdam_0008,BSO Prinsjes en Prinsesjes,10,40.0,3384.1728336218,6013.913345088139,0.5627239102781255
rotterdam_0009,CBS De Sleutel,10,40.0,6448.026436917782,11436.309567284436,0.5638205575829716
rotterdam_0010,Oranjeschool,10,40.0,5595.325298895836,10074.373376252948,0.555401819043653
rotterdam_0011,Het Podium,10,40.0,2550.3561188697813,4232.519025032818,0.602562233928767
rotterdam_0012,Cornelis Leeflang,10,40.0,2241.850093975067,5455.366545715108,0.4109439897738709
rotterdam_0013,Augustinusschool,10,40.0,6579.638319530488,12950.987277088167,0.5080414472470874
rotterdam_0014,Small Kidz,10,40.0,6623.130730953217,13519.616262149812,0.48989043790360104
rotterdam_0015,Baboeloes,10,40.0,7496.341604194641,15186.761929845215,0.49361026654817947
rotterdam_0016,KOV Toverkunst,10,40.0,1480.5906261491778,4497.0716470822135,0.3292343868058703
rotterdam_0017,OBS Pluspunt,10,40.0,1307.3222815093397,5230.96044413127,0.24992012374630998
rotterdam_0018,De Kijkdoos,10,40.0,5114.47854850769,10966.945556524694,0.46635396539056156
rotterdam_0019,PCBS Willem van Oranje,10,40.0,4039.3320698547363,9774.961299492421,0.4132325383287691
rotterdam_0020,CBS De Sleutel,10,40.0,6395.879520363807,11822.513002996297,0.5409915403554927
rotterdam_0021,Pantarijn,10,40.0,5187.645978927612,10569.16748021364,0.4908282500622037
rotterdam_0022,Christophoor,10,40.0,2000.770829926133,3630.6951327262163,0.5510710089348081
rotterdam_0023,De Catamaran,10,40.0,3475.7949732792376,5931.627099812329,0.5859766493731894
rotterdam_0024,,10,40.0,3033.498761563301,5596.913080413342,0.5419949743688482
rotterdam_0025,De Regenboog,10,40.0,1675.8752578771112,3388.273330140468,0.49461040907453424
rotterdam_0026,Da Costa School,10,40.0,5600.263277475237,9797.373295821846,0.5716086453359398
rotterdam_0027,BSO Nieuwenoord,10,40.0,2327.4445833015443,4808.758393393755,0.4840011480924004
rotterdam_0028,KDV De Sprookjesboom,10,40.0,2678.4618934893606,6291.255022729039,0.42574365270722875
rotterdam_0029,KDV Kabouterland,10,40.0,1160.834064052552,2055.3537939998832,0.5647855213254921
rotterdam_0030,BSO Stormpolder,10,40.0,1061.3108910530386,3613.369489571676,0.29371778726643455
rotterdam_0031,De Droomplaats Kiekebos & Buitengewoon,10,40.0,697.5573129880429,2700.9424703088403,0.2582644097962888
rotterdam_0032,SBO van Heuven Goedhart,10,40.0,1819.7893872904779,4307.186677866578,0.4225007001999389
rotterdam_0033,Phuntsok Chö Ling,10,40.0,2844.3348961877828,5869.803582237959,0.4845707111554376
rotterdam_0034,Peutermontessori,10,40.0,5369.6605077552795,10705.185762815476,0.50159433257168
rotterdam_0035,Harbour International Primary School,10,40.0,3961.6626239681245,9615.753534550666,0.4119971055553109
rotterdam_0036,De Dikkedeur,10,40.0,29.201799876205627,345.82845887615815,0.08444012956915975
rotterdam_0037,Wow verbazisschool,10,40.0,1062.580791848898,2661.546178485225,0.3992344000785469
rotterdam_0038,Kindercentrum Prinses Amalia,10,40.0,3050.542864866108,6247.122514758408,0.4883116759210989
rotterdam_0039,OBS De Groene Palm,10,40.0,3192.9859363663195,5232.129350008164,0.6102650991152078
rotterdam_0040,PC de Regenboog,10,40.0,2877.487493764162,5171.164980463385,0.5564485961355485
rotterdam_0041,Zadkine,10,40.0,5382.466575374603,13457.438594436646,0.39996218727683697
rotterdam_0042,De Globetrotter,10,40.0,616.2667604516446,2339.197235610336,0.2634522438168196
rotterdam_0043,Kleine prins,10,40.0,2033.4668476247787,4453.7642396236115,0.45657262895366624
rotterdam_0044,Basisschool Müllerpier,10,40.0,1423.8002896052599,3835.589305350054,0.37120770141351644
rotterdam_0045,Sagenn,10,40.0,1239.3155987626315,3774.9410379279734,0.32830065060906993
rotterdam_0046,KindeRdam,10,40.0,3856.5441987462345,9861.564409686029,0.3910681955246712
rotterdam_0047,gro-up,10,40.0,3993.4122981691357,9066.333670000284,0.4404660630771833
rotterdam_0048,Het Steigertje,10,40.0,4925.170722075552,9200.617687636539,0.5353087030986865
rotterdam_0049,Rolykids,10,40.0,4136.814208835847,8383.215265195835,0.4934639130657239
rotterdam_0050,Kiddoozz,10,40.0,3654.2109481833872,8083.0098585262895,0.4520854251252429
rotterdam_0051,St. Michaëlschool,10,40.0,2132.540384883955,3497.431332984343,0.6097447474584919
rotterdam_0052,Eduard van Beinum,10,40.0,2413.9980909582227,3425.3612625706937,0.7047426259344526
rotterdam_0053,Kinderdam,10,40.0,665.8027587197721,2025.7626343415677,0.32866770639008136
rotterdam_0054,Small Kidz,10,40.0,5351.6734261077645,12194.219350944162,0.4388697031018554
rotterdam_0055,Kiddoozz,10,40.0,2865.1651893490557,5426.040757246017,0.5280397471255391
rotterdam_0056,Sjakie,10,40.0,641.3992702212929,2134.4250535215438,0.3005021278039543
rotterdam_0057,Het Randstadje,10,40.0,1909.0488294026256,3427.2563742554185,0.5570195576096557
rotterdam_0058,De Pijler,10,40.0,1768.2671279677747,4650.298475343287,0.3802480931801352
rotterdam_0059,Het Steigertje,10,40.0,6298.203860740661,16036.671231451332,0.39273760556919945
rotterdam_0060,Willibrordschool,10,40.0,6298.203860740661,16289.174750759901,0.3866496588752506
rotterdam_0061,Jan Prins,10,40.0,8166.456052627564,16030.22537385255,0.5094411252600447
rotterdam_0062,OBS de Schalm,10,40.0,870.6647268068791,1537.9127575752511,0.5661340167173149
rotterdam_0063,Zadkine,10,40.0,3264.112617722452,6226.75087073028,0.5242079995629619
rotterdam_0064,De Stoomtram,10,40.0,1362.867261632383,4154.390401408076,0.3280546915307856
rotterdam_0065,De Regenboog (obs),10,40.0,2075.5996027940514,4722.797854060438,0.4394851668295625
rotterdam_0066,Young Rotterdam Business School / Young Waldorf School,10,40.0,2637.851972655617,5592.366459881663,0.47168796815783687
rotterdam_0067,KDBS Het Tangram,10,40.0,588.1609675025941,4367.003224095748,0.13468297075150007
rotterdam_0068,OBS Passe Partout,10,40.0,1317.7777188825607,4548.274595860205,0.28973134561444225
rotterdam_0069,De Horizon,10,40.0,2127.495586870909,4426.90188385725,0.4805834063386059
rotterdam_0070,Peuterspeelzaal Dominootje,10,40.0,3115.3594938671586,6179.531710255891,0.5041416793276967
rotterdam_0071,De Klimop Oude Noorden,10,40.0,5213.4817395782475,13688.299416160582,0.3808713983435476
rotterdam_0072,Rotterdamsche Schoolvereniging Noord,10,40.0,5351.6734261077645,12157.010791171193,0.4402129370481697
rotterdam_0073,Het Ritme,10,40.0,2000.8020071057974,5219.007119330224,0.38336832300825996
rotterdam_0074,Sint Mattheusschool,10,40.0,1388.9878256988522,5209.24276428109,0.26663910448230793
rotterdam_0075,Het Epos,10,40.0,1361.920536481142,3887.2780202149506,0.350353262462517
rotterdam_0076,Kindergarden,10,40.0,2616.3383189922943,6264.88234441191,0.4176197053925507
rotterdam_0077,Kindergarden,10,40.0,3405.3485378116366,6854.628384128566,0.49679550035075476
rotterdam_0078,Kindergarden,10,40.0,1291.5688333654402,2906.765015466679,0.44433204145952604
rotterdam_0079,Kindergarden,10,40.0,1474.8566827118398,2489.2344401768783,0.5924940852927619
rotterdam_0080,Kindergarden,10,40.0,1067.2703954878077,3108.8397969980538,0.34330183128715136
rotterdam_0081,CompaNanny,10,40.0,4364.663690116405,8245.951353423205,0.5293099004646042
rotterdam_0082,Fatimaschool,10,40.0,4394.330611772686,6673.558926710059,0.6584688409935132
rotterdam_0083,De Toermalijn,10,40.0,1982.3647215062379,3626.5620586959085,0.546623686406482
rotterdam_0084,Shri Saraswatie,10,40.0,3412.519609489441,8469.944458799362,0.4028975191146855
rotterdam_0085,Accent VSO Op Zuid,10,40.0,3529.534294512272,5786.619994777441,0.6099474818975081
rotterdam_0086,Mytylschool De Brug,10,40.0,1073.4411036306246,4332.912798357723,0.24774122018737244
rotterdam_0087,Tytylschool Rotterdam,10,40.0,1073.4411036306246,4412.539956245353,0.2432705684877287
rotterdam_0088,Kindcentrum Blijvliet,10,40.0,6499.04024075985,11116.653728578389,0.5846219914228592
rotterdam_0089,Winford Rotterdam,10,40.0,4720.957808229029,8281.732995483428,0.5700446767365812
rotterdam_0090,Aja Kabaja,10,40.0,1715.1057730191947,5183.46198175691,0.3308803612441791
rotterdam_0091,gro-up kinderopvang,10,40.0,2998.3368506121633,6183.959350497127,0.4848571409789632
rotterdam_0092,Oscar Romeroschool,10,40.0,4163.337281303406,10881.062207198143,0.38262232142641694
rotterdam_0093,Dikkertje Dap,10,40.0,4373.702718696593,10300.988842234612,0.4245905694766094
rotterdam_0094,Het Randstadje,10,40.0,5457.190134377479,10596.205327800177,0.515013626629149
rotterdam_0095,Van Brienenoordschool,10,40.0,1160.834064052552,1945.5001506510703,0.5966764195130356
rotterdam_0096,CSG Calvijn Lombardijen,10,40.0,1459.743136472702,5722.6022723037,0.2550838005180929
rotterdam_0097,Christelijke Basisschool De Akker,10,40.0,4843.078412075042,10928.984098412842,0.4431407684798788
rotterdam_0098,BSO de Kantine,10,40.0,2043.8785111880302,5199.235032121996,0.3931113901488407
rotterdam_0099,A.J. Schreuderschool,10,40.0,2842.1497585329416,6329.695082096756,0.4490184316416486
rotterdam_0100,"Openbare Montessorischool de Mare, gebouw het Zonnetje",10,40.0,1459.743136472702,5740.74643532753,0.2542775844426263
rotterdam_0101,LMC Expertisecentrum en onderwijsopvangvoorzieningen EZ Zuid,10,40.0,2721.0758406698706,6218.332140306235,0.4375893373453457
rotterdam_0102,Vreewijkschool,10,40.0,4016.027986734807,6154.5298035416,0.6525320560514306
rotterdam_0103,Nieuw Zuid locatie Olympiaweg,10,40.0,634.3633891499043,4736.031549154184,0.13394408009448253
rotterdam_0104,A.J. Schreuderschool,10,40.0,2812.370410453975,5166.176174231768,0.5443814371801183
rotterdam_0105,Kindcentrum Talma,10,40.0,2176.536313629672,6231.1564575486445,0.34929893486993707
rotterdam_0106,Johannes-Martinusschool,10,40.0,4473.323655662536,10740.588818621636,0.41648774859594784
rotterdam_0107,,10,40.0,4039.3320698547363,9774.583443380892,0.41324851266066714
rotterdam_0108,Obs de Toermalijn,10,40.0,1954.9270621895791,3543.311457988024,0.5517231791132561
rotterdam_0109,De Droomplaats Kinderopvang Kiekeboe,10,40.0,59.624760386347766,2447.3835791759193,0.02436265442559869
rotterdam_0110,Kinderdagverblijf Katinka,10,40.0,2526.511766126155,3861.8037114027143,0.6542310161094272
rotterdam_0111,OBS Finlandia,10,40.0,2973.9642408561704,5183.797083987296,0.5737038299671722
rotterdam_0112,Mariaschool,10,40.0,5448.299577941894,9545.492244243622,0.5707719872935284
rotterdam_0113,Mariaschool,10,40.0,5448.299577941894,9529.278286256791,0.5717431493001396
rotterdam_0114,OBS Kasteel Spangen,10,40.0,2706.891236257553,6445.21620214209,0.4199845515435011
rotterdam_0115,,10,40.0,2380.0814228010177,6774.763661809265,0.35131578629348
rotterdam_0116,CBS De Ark,10,40.0,6946.796659278869,13188.09262594223,0.5267476394284538
rotterdam_0117,Van Oldenbarneveltschool,10,40.0,4131.967620339394,7987.049085887671,0.5173334451694023
rotterdam_0118,Petrus Datheen,10,40.0,1083.8044645571708,3261.353974128664,0.332317336037322
rotterdam_0119,Instituut Mr. Schats Zuid,10,40.0,2125.568826346397,5543.280902538299,0.38344959667713885
rotterdam_0120,Het Festijn,10,40.0,2903.514921851158,6751.738887408078,0.43003957502950574
rotterdam_0121,Openbare Literaire Basisschool de Piramide,10,40.0,3174.3047493615745,6260.589216824174,0.5070297122882969
rotterdam_0122,,10,40.0,3378.7219458173213,6217.766464319528,0.5433980136124473
rotterdam_0123,,10,40.0,2670.979331586063,5544.586382141262,0.4817274269888024
rotterdam_0124,osbs De Kameleon,10,40.0,2021.7541011743247,6025.151701261475,0.33555239791738917
rotterdam_0125,KBS Elisabethschool,10,40.0,2851.3659595400095,5725.206757518537,0.4980372029002268
rotterdam_0126,Tyltylschool Rotterdam,10,40.0,1328.246885936372,4240.09990842978,0.3132583935806967
rotterdam_0127,CSG Calvijn - Calvijn Business School,10,40.0,2156.1547007957333,4490.263713287958,0.480184425341225
rotterdam_0128,Emmauscollege,10,40.0,2135.5521757481993,3460.246116299033,0.6171677111893753
rotterdam_0129,Minister Marga Klompeschool,10,40.0,2147.2263658365605,5281.221584943757,0.40657759408506766
rotterdam_0130,Fridtjof Nansenschool,10,40.0,1864.5195690980552,3597.288749428876,0.5183124566784014
rotterdam_0131,De Kralingsche School,10,40.0,3836.9140996657497,6256.734425175507,0.6132454790196918
rotterdam_0132,De Triangel,10,40.0,3861.919790441915,6437.480687914807,0.5999116700562633
rotterdam_0133,,10,40.0,2868.484851448834,5105.280120353997,0.5618662999533776
rotterdam_0134,,10,40.0,6298.203860740661,16192.104535742103,0.38896758891582883
rotterdam_0135,,10,40.0,596.6031031487883,1087.6913605694472,0.5485040377965714
rotterdam_0136,OBS Charlois,10,40.0,2701.792771317363,5055.3737171709545,0.5344397709195112
rotterdam_0137,,10,40.0,1909.0488294026256,3600.3652867144347,0.5302375390761407
rotterdam_0138,Het Kompas,10,40.0,3428.7801700352134,7832.825093090385,0.4377450191068179
rotterdam_0139,,10,40.0,5829.223821234704,8304.765339163543,0.7019131285679198
rotterdam_0140,,10,40.0,5171.699190685749,8827.203857495635,0.5858819252592872
rotterdam_0141,,10,40.0,2139.201725915968,5954.51624646306,0.35925701389875936
rotterdam_0142,Katholieke basisschool voor Jenaplanonderwijs: Meester Baars,10,40.0,1724.089897155892,3582.899822091609,0.4811995821165356
rotterdam_0143,Onze Wereld,10,40.0,3367.8912355852126,5535.614091663287,0.6084042673164852
rotterdam_0144,Basisschool Park16Hoven,10,40.0,1552.7984113325178,2257.5831930621575,0.6878144805934356
rotterdam_0145,De Horizon,10,40.0,3235.590176702738,5463.7991477721935,0.592186881178093
rotterdam_0146,Plazja Plus,10,40.0,1307.3222815093397,5261.76721605815,0.2484568829878262
rotterdam_0147,,10,40.0,1431.0852882939575,2664.2685406983596,0.5371400316571845
rotterdam_0148,Goede Herderschool,10,40.0,4254.117554606199,6388.928807875254,0.6658577177072939
rotterdam_0149,Isra,10,40.0,4373.282902659178,6955.590350568742,0.6287435979178367
rotterdam_0150,,10,40.0,2177.110742802024,4619.942114399188,0.4712419958718795
rotterdam_0151,,10,40.0,3282.4998272800444,6428.732130060047,0.5105983203019823
rotterdam_0152,Kruidenhoek,10,40.0,3837.534031951428,6198.480209183693,0.6191088625669439
rotterdam_0153,Kindcentrum IJsselmonde,10,40.0,3035.309524021745,6265.3876058965925,0.48445678303527473
rotterdam_0154,,10,40.0,1898.4810401964187,4237.014915521146,0.4480704170386213
rotterdam_0155,de Regenboog,10,40.0,2989.8261026269192,5073.602292024492,0.5892905928647207
rotterdam_0156,Paus Joannesschool,10,40.0,1584.7317177939415,3337.188358735815,0.47487032418939196
rotterdam_0157,Albert Schweitzerschool,10,40.0,3033.498761563301,5588.837639100551,0.5427781154958551
rotterdam_0158,De Pionier,10,40.0,3411.0033651369813,6725.316808256507,0.5071885031422424
rotterdam_0159,,10,40.0,2498.9224347877503,4464.921910172309,0.5596788667444605
rotterdam_0160,,10,40.0,2104.931597589254,4026.983247921765,0.5227068174856605
rotterdam_0161,,10,40.0,612.9013033466786,1334.2770515316724,0.4593508541896179
rotterdam_0162,,10,40.0,776.6151699754596,2430.382664270401,0.31954439989745353
rotterdam_0163,Heijbergschool,10,40.0,1792.164378979653,4438.766238121092,0.4037528184269211
rotterdam_0164,De Hildegaertschool,10,40.0,2800.6120416332037,5263.10556434013,0.5321215786756379
rotterdam_0165,,10,40.0,2284.5985580150036,3504.4387991861254,0.6519156672234029
rotterdam_0166,,10,40.0,1535.4270117671044,2929.4539342693242,0.5241342059710785
rotterdam_0167,,10,40.0,2290.3953783447296,3367.6487044823916,0.6801170725723792
rotterdam_0168,,10,40.0,2105.258249742985,4286.918784638047,0.4910889045267359
rotterdam_0169,Prins Alexanderschool,10,40.0,1622.30431985721,3492.9711801296653,0.46444824082315705
rotterdam_0170,Agnesschool,10,40.0,1360.4049605989455,3083.877004446387,0.4411346362508914
rotterdam_0171,,10,40.0,1438.0895220127702,3251.865499484241,0.4422352407382338
rotterdam_0172,Het Landje,10,40.0,4164.47611076355,9807.488325302005,0.42462208188611966
rotterdam_0173,,10,40.0,2657.9719174861907,4975.739762147068,0.5341862807429576
rotterdam_0174,De Piloot,10,40.0,1573.4700996088982,5600.953781606555,0.2809289562031648
rotterdam_0175,De Waterlelie,10,40.0,2645.0689132348816,5178.429438370877,0.5107859332089335
rotterdam_0176,,10,40.0,2458.182341492772,5973.154309210181,0.4115383956685045
rotterdam_0177,Jan Antonie Bijloo,10,40.0,1637.8879718775302,6016.92271851331,0.2722135630623867
rotterdam_0178,Rudolf Steinerschool,10,40.0,1390.548592570126,5094.866370355188,0.27293131781848556
rotterdam_0179,De Bavokring,10,40.0,4221.292094943821,8965.671298114377,0.47082833561293125
rotterdam_0180,De Margriet,10,40.0,2678.512898478508,7036.927592079789,0.3806367002402058
rotterdam_0181,A. Willeboerschool,10,40.0,1115.4972603571414,3256.4518329532166,0.34254990326250806
rotterdam_0182,De Triangel,10,40.0,4239.5928150319305,6237.74583948946,0.6796674510513445
rotterdam_0183,Wilhelminaschool,10,40.0,2673.7963443756103,7346.2563029289995,0.36396720099590735
rotterdam_0184,Kindcentrum IJsselmonde,10,40.0,1338.7189652364887,2052.45102446096,0.6522537927978473
rotterdam_0185,Rotterdamse Schoolvereniging Zuid,10,40.0,1499.5268288081884,3551.7918563319,0.4221888245323078
rotterdam_0186,Oranjeschool,10,40.0,7070.272066886426,10975.227782018632,0.6442027634697544
rotterdam_0187,Nieuwe Park Rozenburgschool,10,40.0,1988.3898797690867,6473.5764802095855,0.3071547676694339
rotterdam_0188,De Stern,10,40.0,191.7480321634561,1234.9267482877524,0.15527077410001694
rotterdam_0189,PCBS Beatrixschool,10,40.0,4351.650623309612,6383.678436860162,0.6816838702561573
rotterdam_0190,Over de Slinge,10,40.0,4336.3770105230815,6258.610356343128,0.6928657902673466
rotterdam_0191,De Margriet,10,40.0,3126.0676452064513,9310.336605889797,0.3357631176545083
rotterdam_0192,Prinses Margrietschool,10,40.0,1047.6033060759305,3266.623836268112,0.32069909441202865
rotterdam_0193,De Kleine Plantage,10,40.0,1442.4782397079466,3404.8076280832292,0.42365924812028344
rotterdam_0194,Waldorfschool Nesselande,10,40.0,893.3631055701896,2287.030297310464,0.39062145640168394
rotterdam_0195,OBS Passe-Partout,10,40.0,116.73197768282145,1256.5560413181408,0.09289834583133144
rotterdam_0196,Vrijeschool Vredehof,10,40.0,3547.688606238365,5888.2300242333295,0.602505097735255
rotterdam_0197,Montessorischool Kralingen,10,40.0,3035.759420254529,5392.464534386583,0.5629632612131514
rotterdam_0198,Luzac,10,40.0,4033.875435140431,9453.568022240996,0.4267040154204327
rotterdam_0199,Nieuwe Park Rozenburgschool,10,40.0,4276.175070734023,8243.438485883082,0.5187368205703226
rotterdam_0200,Openbare Basisschool Crooswijk,10,40.0,2821.0336203098295,11474.29873981476,0.2458567346273723
rotterdam_0201,Waalse School,10,40.0,2648.985073919296,12243.020746650694,0.2163669513215499
rotterdam_0202,Arentschool,10,40.0,2590.0895895782114,7428.6684032674875,0.3486613547643296
rotterdam_0203,IBS Noen,10,40.0,2010.3209275436402,5985.360152107067,0.3358730095524717
rotterdam_0204,De Blijberg,10,40.0,2812.4565223407744,5726.4565366756915,0.4911338284553636
rotterdam_0205,De Margriet,10,40.0,3249.8130218696597,6276.239528864622,0.5177962069362821
rotterdam_0206,Dominicusschool,10,40.0,3115.3594938671586,6291.623213246614,0.49515989567016133
rotterdam_0207,De Archipel,10,40.0,2649.1251342386013,7187.645230251905,0.3685664844848996
rotterdam_0208,Auris Taalfontein,10,40.0,1151.524703662526,3787.8478226142,0.30400500695611266
rotterdam_0209,Auris Hildernisseschool,10,40.0,2482.086424665451,3529.601084629595,0.7032200991421463
rotterdam_0210,Auris Doctor M. Polanoschool,10,40.0,2710.6494302418832,4736.2647405491025,0.5723179718048493
rotterdam_0211,,10,40.0,1592.6980854558947,4448.604034167864,0.3580219936912901
rotterdam_0212,"Bergse Veld School, Horizon",10,40.0,1124.9795970447362,3213.538634061441,0.3500750185856416
rotterdam_0213,Ibn-i Sina,10,40.0,3981.9617382181805,6936.251752126798,0.5740797595758009
rotterdam_0214,Pniëlschool,10,40.0,4023.2121606749292,10171.749489767553,0.3955280421251181
rotterdam_0215,Mr. Schats Noord,10,40.0,1499.9406578350067,5543.068673983813,0.2705975238724576
rotterdam_0216,IBS Risala,10,40.0,3901.334441076517,9236.399339450001,0.4223869386432169
rotterdam_0217,IBS Al-Ghazali,10,40.0,3689.0851336240767,6233.067646005452,0.5918570667187092
rotterdam_0218,De Wilgenstam,10,40.0,4439.142039584238,7103.768656063732,0.6248995785912896
rotterdam_0219,Emmaschool (Nevenvestiging),10,40.0,2145.7086828958986,4252.154300976191,0.5046168438439067
rotterdam_0220,Emmaschool (Hoofdvestiging),10,40.0,2382.0894804143904,4238.446618636046,0.5620194601344205
rotterdam_0221,Emmaschool (nevenvestiging),10,40.0,2229.2634527158734,4108.480970574413,0.5426004084434635
rotterdam_0222,Koninklijke Visio Onderwijs Rotterdam,10,40.0,3043.52218685925,6320.497321845889,0.4815320744365722
rotterdam_0223,Juliana van Stolbergschool,10,40.0,5968.711017799377,13114.59101849556,0.45511987444989177
rotterdam_0224,De Globe,10,40.0,4312.264060590267,7974.426578776687,0.5407616482502982
rotterdam_0225,Recon openluchtschool,10,40.0,2564.6498178078236,5609.162025468722,0.45722512670571536
rotterdam_0226,Doctor A. van Voorthuysenschool,10,40.0,911.1993501081317,2674.071920564687,0.3407534939881919
rotterdam_0227,Wereld op Zuid,10,40.0,2531.35874119997,3628.7176852156686,0.6975904329822566
rotterdam_0228,Basisschool Park16Hoven,10,40.0,131.29655173971315,1014.3304104522616,0.12944160047530437
rotterdam_0229,Shri Saraswatie School,10,40.0,1919.6539774227142,8119.050881938934,0.236438224779825
rotterdam_0230,Vrijeschool Rotterdam-West,10,40.0,2609.8183416891097,8718.916419494151,0.2993282899069842
rotterdam_0231,De Rotterdamse Montessorischool,10,40.0,2205.0925718450544,8596.814001200199,0.25650113769324334
rotterdam_0232,De Korf,10,40.0,5369.6605077552795,10801.525565066338,0.49712056648012026
rotterdam_0233,Lucas,10,40.0,4964.406746253968,11113.5262642622,0.4466995108670437
rotterdam_0234,Lombardia,10,40.0,1531.3205911576747,3586.697941448167,0.4269443973694054
rotterdam_0235,MFC,10,40.0,3191.514633994102,5101.285338709355,0.6256295074843956
rotterdam_0236,Maria Basisschool,10,40.0,5059.4800759696955,12757.459176969529,0.39658994834201383
rotterdam_0237,Basisschool De Nieuwe Haven,10,40.0,970.4889549735886,3618.739634048413,0.268184244548113
rotterdam_0238,Basisschool Het Open Venster,10,40.0,2826.4861470437054,5561.590703042299,0.5082154185667712
rotterdam_0239,,10,40.0,1156.8407139772175,4579.541387261748,0.252610603584681
rotterdam_0240,,10,40.0,1301.5177695107461,4984.726927108169,0.2611011171811184
rotterdam_0241,Talma,10,40.0,3224.6832531642913,6763.378086490538,0.4767858918911264
rotterdam_0242,KDV de Villa,10,40.0,2220.4426661205293,4269.726960802078,0.5200432455061281
rotterdam_0243,Meester Van Eijckschool,10,40.0,2594.089259813428,4308.259525276273,0.6021200079972151
rotterdam_0244,Rotterdams Onderwijs- en Revalidatiecentrum,10,40.0,1121.2651950841769,4480.562949914863,0.25025096346553566
rotterdam_0245,CBS Beatrix,10,40.0,2428.757998768687,4219.771758703888,0.5755662006503132
rotterdam_0246,,10,40.0,2122.9912600187954,4413.978950501085,0.48096995564008943
rotterdam_0247,Ibn-i-Sina,10,40.0,1972.2342474684165,5266.860886027389,0.37446104807905883
rotterdam_0248,,10,40.0,2729.7442160606383,5109.021635551751,0.5342988170309124
rotterdam_0249,De Lis,10,40.0,3678.3253779029847,10469.780381402968,0.3513278448931593
rotterdam_0250,Harbour Bilingual,10,40.0,4356.4424357986445,11056.340941466093,0.39402207826823504
rotterdam_0251,De Starrenburg,10,40.0,3144.41192665577,6735.759010684788,0.4668236974731218
rotterdam_0252,Nicolaasschool,10,40.0,4281.777043113709,9578.942336359025,0.4469989371228662
rotterdam_0253,Het Epos,10,40.0,2615.9272074651717,4038.085291303946,0.6478137579457757
rotterdam_0254,Steven Stemerdingschool,10,40.0,1942.6046540296077,3668.0267212965337,0.5296048261455841
rotterdam_0255,Tarcisiusschool,10,40.0,2244.652252458632,4700.21908853516,0.47756332421478376
rotterdam_0256,De Bergse Zonnebloem,10,40.0,2440.406380901337,6288.549843546152,0.3880714062250601
rotterdam_0257,Tarcisiusschool,10,40.0,3569.793563451767,5910.5117206919185,0.6039736882602555
rotterdam_0258,Vivere,10,40.0,2926.628239459991,5968.8267024388915,0.49031884914067897
rotterdam_0259,Koningin Wilhelmina School,10,40.0,3130.0247627735134,10340.197335796354,0.3027045481944328
rotterdam_0260,De Piloot,10,40.0,1138.6215307450293,5071.903721942008,0.224495888165057
rotterdam_0261,,10,40.0,3557.8548616743083,8414.245532131195,0.42283706222834216
rotterdam_0262,Prinses Julianaschool,10,40.0,5739.063142967224,12473.657440400122,0.46009465711150155
rotterdam_0263,De Fontein,10,40.0,4037.4490368318557,9156.411920446157,0.44094226776935197
rotterdam_0264,De Stelberg,10,40.0,1824.7891776132583,5488.455986305029,0.3324776917527499
rotterdam_0265,De Stelberg,10,40.0,1860.068528970778,5494.976155199185,0.338503475981572
rotterdam_0266,De Clipper,10,40.0,1923.0204432642463,6363.943713357747,0.30217433243915687
rotterdam_0267,De Mare,10,40.0,2539.455644834042,5564.590337080145,0.45635985598295564
rotterdam_0268,Montessorischool Tuinstad,10,40.0,1458.5980860710144,4740.673854600247,0.307677374737691
rotterdam_0269,Openbare Daltonschool Overschie,10,40.0,2354.20628839016,5617.403712701202,0.41909152498105023
rotterdam_0270,De Kring,10,40.0,1538.494344456196,5749.209662959576,0.26760101555666876
rotterdam_0271,Sonnevanck,10,40.0,3941.081705238819,7592.346065671296,0.5190861521787545
rotterdam_0272,Laurens Cupertino,10,40.0,4425.580287100077,10001.781585207582,0.4424791972707557
rotterdam_0273,Nova,10,40.0,2671.6691676342484,5534.476624848452,0.4827320356976673
rotterdam_0274,Openbare Basisschool Delfshaven,10,40.0,3027.6876223953072,5505.74947447002,0.549913801278935
rotterdam_0275,De Vlinder,10,40.0,3829.2465909004213,9793.217855281571,0.39101004873850265
rotterdam_0276,Imeldaschool,10,40.0,6739.141145553589,12753.352646188736,0.528421140112325
rotterdam_0277,Bergkristal,10,40.0,7278.045370063781,13167.071229119301,0.5527459556813367
rotterdam_0278,Kindcentrum Het Oude Westen,10,40.0,4979.923430862428,12946.255975071937,0.38466128280263334
rotterdam_0279,Mozaïek,10,40.0,4661.589654712677,14979.160418376923,0.31120500245085075
rotterdam_0280,Het Landje,10,40.0,4899.968814873099,10778.998802725673,0.4545847814394459
rotterdam_0281,Jacob Maris,10,40.0,2122.4876170301436,5692.81587600628,0.3728361610948758
rotterdam_0282,Accent Vso Op Noord,10,40.0,908.1301988220215,4577.424853873848,0.19839325118652162
rotterdam_0283,De Globe,10,40.0,4940.597554564476,7681.42355296731,0.6431877529596631
rotterdam_0000,PCBS Prinses Margriet,15,40.0,6237.992720384449,11933.985240270198,0.5227082650760186
rotterdam_0001,Peuterspeelzaal Dikkie Dik,15,40.0,4683.8280074857175,7311.86214551136,0.6405793646370983
rotterdam_0002,Basisschool Müllerpier,15,40.0,3061.2312778850646,9101.023401215822,0.3363612137813105
rotterdam_0003,De Boog,15,40.0,8353.24189635694,15315.080189993121,0.5454259326578617
rotterdam_0004,Basisschool de Wissel,15,40.0,5425.138240670562,10835.231791113616,0.5006942486564914
rotterdam_0005,Delfshaven,15,40.0,3925.334308339357,15641.441129767,0.2509573303235538
rotterdam_0006,,15,40.0,3968.4632958090306,15014.584675966204,0.2643072306995835
rotterdam_0007,Luzac Rotterdam,15,40.0,9633.119838322084,15201.531596413162,0.6336940312379472
rotterdam_0008,BSO Prinsjes en Prinsesjes,15,40.0,7107.756345321312,11253.687332962752,0.6315935510756773
rotterdam_0009,CBS De Sleutel,15,40.0,13146.724631175846,20382.13271226138,0.6450122181407987
rotterdam_0010,Oranjeschool,15,40.0,12015.626426032482,18113.482455541307,0.6633526410796088
rotterdam_0011,Het Podium,15,40.0,4447.006338390112,8568.009164673986,0.5190244609827424
rotterdam_0012,Cornelis Leeflang,15,40.0,5499.4723262882235,9143.682878107224,0.6014504658134683
rotterdam_0013,Augustinusschool,15,40.0,14162.974213905334,26541.84082428157,0.5336093418565174
rotterdam_0014,Small Kidz,15,40.0,14348.154325765372,26044.157422379554,0.5509164336964154
rotterdam_0015,Baboeloes,15,40.0,17074.20112811029,27448.026417761073,0.6220556942142081
rotterdam_0016,KOV Toverkunst,15,40.0,3661.9543714049832,7821.168932185024,0.46821062211501574
rotterdam_0017,OBS Pluspunt,15,40.0,3311.5529803523423,9919.762955834047,0.3338338824321139
rotterdam_0018,De Kijkdoos,15,40.0,11977.426780978143,18988.971070002317,0.6307570187359647
rotterdam_0019,PCBS Willem van Oranje,15,40.0,10717.67712397933,18272.41568663627,0.5865495459266408
rotterdam_0020,CBS De Sleutel,15,40.0,13094.172780928615,20390.816468312743,0.6421602980575551
rotterdam_0021,Pantarijn,15,40.0,11339.404893829824,21939.087099295855,0.5168585567169641
rotterdam_0022,Christophoor,15,40.0,3839.1518518771322,6028.0023306929415,0.6368862587078342
rotterdam_0023,De Catamaran,15,40.0,6205.343388758898,8712.263682700992,0.7122538544236423
rotterdam_0024,,15,40.0,5747.00647203207,8941.241008230449,0.6427526633877699
rotterdam_0025,De Regenboog,15,40.0,3402.9416532529704,6224.072697507786,0.5467387382245006
rotterdam_0026,Da Costa School,15,40.0,10708.265643911363,17614.923808822332,0.6079087119609448
rotterdam_0027,BSO Nieuwenoord,15,40.0,4713.0264209699635,9497.28923630178,0.4962496459468896
rotterdam_0028,KDV De Sprookjesboom,15,40.0,6520.255275520087,11099.68933146361,0.5874268261758928
rotterdam_0029,KDV Kabouterland,15,40.0,2258.3550120046316,4068.9612196362204,0.5550200383100571
rotterdam_0030,BSO Stormpolder,15,40.0,2788.6347108940968,8403.753421790916,0.3318320482444395
rotterdam_0031,De Droomplaats Kiekebos & Buitengewoon,15,40.0,1267.524357008338,7736.844872120648,0.16382962020807754
rotterdam_0032,SBO van Heuven Goedhart,15,40.0,3566.678021578193,9539.288294444084,0.37389351401147125
rotterdam_0033,Phuntsok Chö Ling,15,40.0,5563.3907157903905,11837.565589753613,0.46997760423021123
rotterdam_0034,Peutermontessori,15,40.0,10351.930273251535,19629.88502249479,0.527355624415975
rotterdam_0035,Harbour International Primary School,15,40.0,11114.11824543953,21607.002931194304,0.5143757457168637
rotterdam_0036,De Dikkedeur,15,40.0,321.11580422578373,2114.0864147278994,0.15189341456844566
rotterdam_0037,Wow verbazisschool,15,40.0,2027.3238493788242,4468.623264093283,0.453679741961909
rotterdam_0038,Kindercentrum Prinses Amalia,15,40.0,7004.174190028011,11622.11739203006,0.6026590468644868
rotterdam_0039,OBS De Groene Palm,15,40.0,5267.89556703547,8804.103070058673,0.5983455128950874
rotterdam_0040,PC de Regenboog,15,40.0,4829.105735453814,8473.562982451544,0.5699026189401938
rotterdam_0041,Zadkine,15,40.0,11943.052203109266,29783.987245719432,0.4009890316087792
rotterdam_0042,De Globetrotter,15,40.0,954.9231785212457,8314.971850445158,0.11484382577556437
rotterdam_0043,Kleine prins,15,40.0,3066.716885618922,9902.596086469879,0.30968817256002595
rotterdam_0044,Basisschool Müllerpier,15,40.0,3086.1312790267175,9385.222005589754,0.3288287988487268
rotterdam_0045,Sagenn,15,40.0,3551.3934016501066,7872.787687383276,0.4510973168172028
rotterdam_0046,KindeRdam,15,40.0,8791.84536038652,19103.76670877069,0.46021528080899954
rotterdam_0047,gro-up,15,40.0,8985.674240974113,17814.085861163207,0.5044139963737312
rotterdam_0048,Het Steigertje,15,40.0,9585.281964691263,19077.945699432858,0.5024273638107802
rotterdam_0049,Rolykids,15,40.0,8671.038010680284,17822.260296579894,0.48652852479908304
rotterdam_0050,Kiddoozz,15,40.0,10386.462808730454,17423.294670618885,0.5961250730750294
rotterdam_0051,St. Michaëlschool,15,40.0,3844.6357074492425,6268.089977255091,0.6133663877513253
rotterdam_0052,Eduard van Beinum,15,40.0,4620.546379232779,6549.247921816484,0.7055079353220202
rotterdam_0053,Kinderdam,15,40.0,958.9401499567925,8124.743365239985,0.11802713105492259
rotterdam_0054,Small Kidz,15,40.0,12106.31365234077,24114.08986347718,0.5020431507422057
rotterdam_0055,Kiddoozz,15,40.0,5449.2234666991235,9782.413135065288,0.5570428677936587
rotterdam_0056,Sjakie,15,40.0,1784.751125332117,4958.178925838247,0.3599610163383486
rotterdam_0057,Het Randstadje,15,40.0,4174.015046024919,7019.563893288225,0.5946259781203665
rotterdam_0058,De Pijler,15,40.0,4622.125879184603,9258.478273958266,0.499231703355125
rotterdam_0059,Het Steigertje,15,40.0,14858.61942428112,26608.36332043982,0.5584191423328594
rotterdam_0060,Willibrordschool,15,40.0,14858.61942428112,26518.768214915763,0.560305791877759
rotterdam_0061,Jan Prins,15,40.0,16066.776436865328,26523.439073241723,0.6057576618363325
rotterdam_0062,OBS de Schalm,15,40.0,1401.5720692144332,5300.747253279667,0.26441028071037637
rotterdam_0063,Zadkine,15,40.0,6379.429135887324,11562.8948139596,0.5517155728326436
rotterdam_0064,De Stoomtram,15,40.0,4166.9413831344245,9787.87145058319,0.4257249805713525
rotterdam_0065,De Regenboog (obs),15,40.0,3769.5774894136193,7714.260829035602,0.48865051013382355
rotterdam_0066,Young Rotterdam Business School / Young Waldorf School,15,40.0,5941.116697961651,12926.639671466946,0.4596025609869451
rotterdam_0067,KDBS Het Tangram,15,40.0,2140.013333659172,7531.538699906952,0.284140255919499
rotterdam_0068,OBS Passe Partout,15,40.0,3506.673897352219,7757.42781540975,0.45204080280146247
rotterdam_0069,De Horizon,15,40.0,4401.825104952455,9663.785353148989,0.4554969863354943
rotterdam_0070,Peuterspeelzaal Dominootje,15,40.0,6148.494695045948,12350.771516558378,0.4978227219897001
rotterdam_0071,De Klimop Oude Noorden,15,40.0,12619.5509217453,27699.295741968155,0.45559103882287466
rotterdam_0072,Rotterdamsche Schoolvereniging Noord,15,40.0,12106.31365234077,23336.831896743006,0.5187642309764584
rotterdam_0073,Het Ritme,15,40.0,5320.828121941444,10239.6510904417,0.5196298267338643
rotterdam_0074,Sint Mattheusschool,15,40.0,4638.377064675409,10227.188005826938,0.4535339588978608
rotterdam_0075,Het Epos,15,40.0,3243.3138680019974,7493.180806356351,0.4328353941827673
rotterdam_0076,Kindergarden,15,40.0,7228.372922086343,14296.23244769767,0.5056138355703942
rotterdam_0077,Kindergarden,15,40.0,6989.184856426717,11655.985515685086,0.5996219579220988
rotterdam_0078,Kindergarden,15,40.0,2567.661917619854,6312.402307627448,0.4067646186804789
rotterdam_0079,Kindergarden,15,40.0,3106.9107259026164,5870.8208192200955,0.5292123233826359
rotterdam_0080,Kindergarden,15,40.0,2818.760941615552,6033.837064459598,0.4671589423948102
rotterdam_0081,CompaNanny,15,40.0,8098.003847318981,12799.235550453439,0.6326943367357664
rotterdam_0082,Fatimaschool,15,40.0,7079.76236481322,9459.444282446988,0.7484332222296057
rotterdam_0083,De Toermalijn,15,40.0,3753.6449206867255,6099.574659466454,0.6153945365454493
rotterdam_0084,Shri Saraswatie,15,40.0,9624.711363544466,16181.377171542645,0.5948017440982063
rotterdam_0085,Accent VSO Op Zuid,15,40.0,6563.343145606517,10357.078169971406,0.633706054728429
rotterdam_0086,Mytylschool De Brug,15,40.0,3188.6267131716804,8752.274159994298,0.3643197933340056
rotterdam_0087,Tytylschool Rotterdam,15,40.0,3188.6267131716804,8797.884351155535,0.3624310784163557
rotterdam_0088,Kindcentrum Blijvliet,15,40.0,13446.26723712474,19774.19874977395,0.6799904970753089
rotterdam_0089,Winford Rotterdam,15,40.0,8959.363308217024,13541.953760551554,0.6616004947761773
rotterdam_0090,Aja Kabaja,15,40.0,5514.692503311038,11181.549614724629,0.49319572808127726
rotterdam_0091,gro-up kinderopvang,15,40.0,6121.765791943073,10803.532278235405,0.5666448374737463
rotterdam_0092,Oscar Romeroschool,15,40.0,10238.73892859936,21920.033318375572,0.4670950440579952
rotterdam_0093,Dikkertje Dap,15,40.0,10035.156316885948,21389.540846766457,0.4691618388995481
rotterdam_0094,Het Randstadje,15,40.0,11937.98843135476,21357.775088820606,0.5589528114098137
rotterdam_0095,Van Brienenoordschool,15,40.0,2258.3550120046316,4313.372486495394,0.5235705979660339
rotterdam_0096,CSG Calvijn Lombardijen,15,40.0,4608.548626288772,11642.720341892316,0.39583091330524345
rotterdam_0097,Christelijke Basisschool De Akker,15,40.0,11570.38893709287,19335.874852868023,0.5983897302364198
rotterdam_0098,BSO de Kantine,15,40.0,4880.221802581549,10296.450346083342,0.4739712851077782
rotterdam_0099,A.J. Schreuderschool,15,40.0,6905.181087371111,12212.523721724225,0.5654180286330043
rotterdam_0100,"Openbare Montessorischool de Mare, gebouw het Zonnetje",15,40.0,4608.548626288772,11571.203982547233,0.39827736450241596
rotterdam_0101,LMC Expertisecentrum en onderwijsopvangvoorzieningen EZ Zuid,15,40.0,6756.608882294893,12229.0902527982,0.5525029861275969
rotterdam_0102,Vreewijkschool,15,40.0,7021.352329942882,12642.787798860372,0.5553642473201829
rotterdam_0103,Nieuw Zuid locatie Olympiaweg,15,40.0,2079.066772571802,9943.015066144726,0.209098222092701
rotterdam_0104,A.J. Schreuderschool,15,40.0,5731.137420798243,8252.063411916419,0.6945096195603847
rotterdam_0105,Kindcentrum Talma,15,40.0,4411.749100166876,12824.65224475032,0.3440053590515715
rotterdam_0106,Johannes-Martinusschool,15,40.0,11989.947064068318,22162.000386377476,0.5410137557545703
rotterdam_0107,,15,40.0,10717.67712397933,18174.413929287493,0.5897123926900406
rotterdam_0108,Obs de Toermalijn,15,40.0,3429.9852529835703,6501.12086208445,0.5275990595695242
rotterdam_0109,De Droomplaats Kinderopvang Kiekeboe,15,40.0,191.47626992560922,6214.360093806228,0.03081190453003377
rotterdam_0110,Kinderdagverblijf Katinka,15,40.0,3260.3849054363372,6979.294609908164,0.467151064350791
rotterdam_0111,OBS Finlandia,15,40.0,4328.005919041634,8879.87710986078,0.48739479899283084
rotterdam_0112,Mariaschool,15,40.0,10090.103150839806,18769.258351354452,0.5375866729497957
rotterdam_0113,Mariaschool,15,40.0,10090.103150839806,18778.998517688364,0.5373078410616897
rotterdam_0114,OBS Kasteel Spangen,15,40.0,5545.581948347091,13619.557519622145,0.4071778352826359
rotterdam_0115,,15,40.0,6237.992720384449,11933.985240270198,0.5227082650760186
rotterdam_0116,CBS De Ark,15,40.0,13167.697272453308,24275.427976038452,0.5424290474075575
rotterdam_0117,Van Oldenbarneveltschool,15,40.0,7623.3280338048935,16695.741485835315,0.4566031427997692
rotterdam_0118,Petrus Datheen,15,40.0,1895.3229210808875,8707.779901167154,0.217658569990595
rotterdam_0119,Instituut Mr. Schats Zuid,15,40.0,5726.910429501235,11410.65868583411,0.5018913094483294
rotterdam_0120,Het Festijn,15,40.0,6893.943986134529,11815.079403399526,0.5834868942269613
rotterdam_0121,Openbare Literaire Basisschool de Piramide,15,40.0,7280.7487391224495,11730.753631587773,0.6206548162018632
rotterdam_0122,,15,40.0,7534.7234994533665,10962.676166890265,0.6873069481163657
rotterdam_0123,,15,40.0,5956.930156485512,12907.570286521557,0.46150669911175335
rotterdam_0124,osbs De Kameleon,15,40.0,6061.35490611583,12210.977638215947,0.4963857183020285
rotterdam_0125,KBS Elisabethschool,15,40.0,7096.583263375237,12292.829084284032,0.5772945523539393
rotterdam_0126,Tyltylschool Rotterdam,15,40.0,3496.527710724422,11184.405993319178,0.3126252491918673
rotterdam_0127,CSG Calvijn - Calvijn Business School,15,40.0,5251.7423396747035,11565.105295188303,0.45410242324898736
rotterdam_0128,Emmauscollege,15,40.0,4149.2516086286305,6229.68508314073,0.6660451617141395
rotterdam_0129,Minister Marga Klompeschool,15,40.0,5183.413876923174,9978.683576001162,0.5194486664943799
rotterdam_0130,Fridtjof Nansenschool,15,40.0,4199.01587964166,8050.759983203597,0.521567639378409
rotterdam_0131,De Kralingsche School,15,40.0,6850.085029909778,11232.335685179196,0.6098540162887319
rotterdam_0132,De Triangel,15,40.0,6927.156311578308,10521.35895837056,0.6583898847084974
rotterdam_0133,,15,40.0,5416.327300364375,10154.354656033325,0.5333994610032852
rotterdam_0134,,15,40.0,14858.61942428112,26973.514047769077,0.5508596098367853
rotterdam_0135,,15,40.0,924.4494017706811,6388.930136061162,0.14469549393767722
rotterdam_0136,OBS Charlois,15,40.0,5066.492158349753,9013.086781150698,0.5621261928760565
rotterdam_0137,,15,40.0,4174.015046024919,7070.937032979578,0.5903057864264499
rotterdam_0138,Het Kompas,15,40.0,9142.327333586067,17223.980712396016,0.5307906160743885
rotterdam_0139,,15,40.0,9806.015330709219,14561.114523864613,0.6734385142454493
rotterdam_0140,,15,40.0,9327.768484244198,17453.522764440477,0.5344347161392794
rotterdam_0141,,15,40.0,5425.138240670562,10626.758411667048,0.5105167568987301
rotterdam_0142,Katholieke basisschool voor Jenaplanonderwijs: Meester Baars,15,40.0,3813.4564697615247,7094.7170121070085,0.5375064943751708
rotterdam_0143,Onze Wereld,15,40.0,5898.147973133326,9346.62050665902,0.6310460523064115
rotterdam_0144,Basisschool Park16Hoven,15,40.0,1988.5031944236391,4248.9000247835975,0.46800423234832794
rotterdam_0145,De Horizon,15,40.0,4840.949997298121,10442.57528086424,0.4635781756028173
rotterdam_0146,Plazja Plus,15,40.0,3311.5529803523423,9913.670954529422,0.33403902505351346
rotterdam_0147,,15,40.0,2243.2579193579777,4417.252221383932,0.5078401247948575
rotterdam_0148,Goede Herderschool,15,40.0,7470.454738863968,9895.118162818551,0.7549636715743941
rotterdam_0149,Isra,15,40.0,7530.063631773665,10367.948939331884,0.7262828622937746
rotterdam_0150,,15,40.0,4222.089303648938,9377.482629363285,0.45023696342859665
rotterdam_0151,,15,40.0,6100.516529841422,13905.40012057811,0.43871564118557677
rotterdam_0152,Kruidenhoek,15,40.0,6030.941431863308,11039.435389912574,0.5463088662463805
rotterdam_0153,Kindcentrum IJsselmonde,15,40.0,6398.563580235839,11323.282332667524,0.565080282576375
rotterdam_0154,,15,40.0,3557.307195389271,9207.681806321292,0.3863412387846738
rotterdam_0155,de Regenboog,15,40.0,4937.298780888617,8392.769289633856,0.588280055188317
rotterdam_0156,Paus Joannesschool,15,40.0,3758.452691929936,9228.495338996529,0.40726603350472257
rotterdam_0157,Albert Schweitzerschool,15,40.0,5747.00647203207,9040.656241509058,0.6356846581164538
rotterdam_0158,De Pionier,15,40.0,6711.636933996081,10309.156475459933,0.6510364790730027
rotterdam_0159,,15,40.0,4397.214924789667,7841.824142814334,0.5607387828020791
rotterdam_0160,,15,40.0,3313.470513466597,8572.823616402447,0.3865086535930716
rotterdam_0161,,15,40.0,1388.9098357532919,2535.3248989228905,0.5478232144303704
rotterdam_0162,,15,40.0,2062.4131645089387,4783.640739912391,0.4311388075825089
rotterdam_0163,Heijbergschool,15,40.0,3574.659768673032,6967.164256252629,0.5130724118446011
rotterdam_0164,De Hildegaertschool,15,40.0,5458.1095193521305,7802.564178913106,0.6995276673408206
rotterdam_0165,,15,40.0,3701.9396076393873,6298.740471811518,0.5877269629073493
rotterdam_0166,,15,40.0,3073.1236311558637,5874.06633454822,0.5231680161800931
rotterdam_0167,,15,40.0,4057.6447749120744,6497.259679172413,0.6245163307723782
rotterdam_0168,,15,40.0,4295.800068515017,8004.214297835203,0.5366922859220358
rotterdam_0169,Prins Alexanderschool,15,40.0,3890.491353172194,7041.843819377208,0.5524819142490263
rotterdam_0170,Agnesschool,15,40.0,3013.345197984874,6114.721686468669,0.4928016927823775
rotterdam_0171,,15,40.0,3483.206155071556,6379.466918105101,0.5460026989380762
rotterdam_0172,Het Landje,15,40.0,9169.314101793057,19689.28068624002,0.4657008170034922
rotterdam_0173,,15,40.0,4588.339985727667,8484.298289932218,0.5408037092675491
rotterdam_0174,De Piloot,15,40.0,3363.276175193787,10925.575294672028,0.30783515599713307
rotterdam_0175,De Waterlelie,15,40.0,5663.291248355321,8632.65738417592,0.6560310454039805
rotterdam_0176,,15,40.0,5175.25058558166,8658.201343318298,0.5977281401033139
rotterdam_0177,Jan Antonie Bijloo,15,40.0,4464.107514618785,12650.208271265326,0.35288806467786843
rotterdam_0178,Rudolf Steinerschool,15,40.0,3202.7632889577744,11323.70509065017,0.282837045235508
rotterdam_0179,De Bavokring,15,40.0,9702.035648121331,14241.220590552952,0.6812643330977731
rotterdam_0180,De Margriet,15,40.0,5395.147019320429,12910.555192726104,0.41788652298702783
rotterdam_0181,A. Willeboerschool,15,40.0,3021.9908985267302,5929.233296572868,0.5096765040892317
rotterdam_0182,De Triangel,15,40.0,7348.141803232138,10428.542039411539,0.7046183230083405
rotterdam_0183,Wilhelminaschool,15,40.0,5799.999858781435,11524.213292130105,0.5032881387870753
rotterdam_0184,Kindcentrum IJsselmonde,15,40.0,2083.155416026353,4721.12629366986,0.44124119679227214
rotterdam_0185,Rotterdamse Schoolvereniging Zuid,15,40.0,3733.8933372330666,9180.127660343005,0.4067365373755112
rotterdam_0186,Oranjeschool,15,40.0,12390.773238255231,18667.90863041222,0.6637472618689167
rotterdam_0187,Nieuwe Park Rozenburgschool,15,40.0,5682.458971850574,11609.17404834038,0.4894800395091781
rotterdam_0188,De Stern,15,40.0,675.0866984990239,3960.568824409507,0.17045195486526474
rotterdam_0189,PCBS Beatrixschool,15,40.0,6409.434171628282,9002.15315281406,0.7119890167192614
rotterdam_0190,Over de Slinge,15,40.0,6382.1863799717285,9139.622207194272,0.6982987081181515
rotterdam_0191,De Margriet,15,40.0,8691.793636585175,18461.642061000017,0.4708028466734537
rotterdam_0192,Prinses Margrietschool,15,40.0,2798.39199741628,7298.632695516608,0.3834131835590619
rotterdam_0193,De Kleine Plantage,15,40.0,3545.0239605903625,5996.422022966146,0.5911898707284127
rotterdam_0194,Waldorfschool Nesselande,15,40.0,1954.6526961592956,6099.7027107043195,0.32045048568171874
rotterdam_0195,OBS Passe-Partout,15,40.0,1061.967696972601,4448.814122274034,0.23870803944260338
rotterdam_0196,Vrijeschool Vredehof,15,40.0,6553.061314964849,10789.964319690429,0.6073292849547496
rotterdam_0197,Montessorischool Kralingen,15,40.0,5981.723946650289,9912.692262452207,0.6034409006429226
rotterdam_0198,Luzac,15,40.0,9633.119838322084,15190.388866663481,0.6341588699853979
rotterdam_0199,Nieuwe Park Rozenburgschool,15,40.0,8319.9178535988,14812.154079508971,0.5616953353940947
rotterdam_0200,Openbare Basisschool Crooswijk,15,40.0,6957.611398572923,25414.398291530608,0.27376652080295594
rotterdam_0201,Waalse School,15,40.0,6834.2969013118745,26129.40565116882,0.26155577331343405
rotterdam_0202,Arentschool,15,40.0,5723.07515602583,14037.416207117642,0.40770146525426504
rotterdam_0203,IBS Noen,15,40.0,5367.118724530823,13558.356589307172,0.39585319129042623
rotterdam_0204,De Blijberg,15,40.0,5359.279989786148,11665.013817699179,0.459431945263072
rotterdam_0205,De Margriet,15,40.0,6144.5595716023445,13023.3270760338,0.47181181396494914
rotterdam_0206,Dominicusschool,15,40.0,6148.494695045948,12617.98684659645,0.48728016361060245
rotterdam_0207,De Archipel,15,40.0,5624.131221857071,15311.110443723854,0.3673235355808205
rotterdam_0208,Auris Taalfontein,15,40.0,2705.7270081321335,7433.433695363314,0.36399423456482305
rotterdam_0209,Auris Hildernisseschool,15,40.0,3339.150330632031,6187.584310474695,0.5396533062150487
rotterdam_0210,Auris Doctor M. Polanoschool,15,40.0,5493.268544505238,9330.926222093627,0.5887163196616387
rotterdam_0211,,15,40.0,3910.428572274186,9418.216188328377,0.4151984297323973
rotterdam_0212,"Bergse Veld School, Horizon",15,40.0,3217.6634455838057,7144.297193814581,0.4503820821409288
rotterdam_0213,Ibn-i Sina,15,40.0,7448.1591721590285,11577.87078170257,0.6433099239568252
rotterdam_0214,Pniëlschool,15,40.0,10691.521113255023,21438.756960064173,0.49870060718403797
rotterdam_0215,Mr. Schats Noord,15,40.0,4406.178249940873,10468.680408624261,0.4208914665415705
rotterdam_0216,IBS Risala,15,40.0,9220.965112888516,16677.197492319643,0.5529085517596737
rotterdam_0217,IBS Al-Ghazali,15,40.0,6797.636151900142,12757.30646407038,0.5328425848391253
rotterdam_0218,De Wilgenstam,15,40.0,8191.019437504467,10950.504084840659,0.7480038703280987
rotterdam_0219,Emmaschool (Nevenvestiging),15,40.0,4153.820662535206,7534.3002569113305,0.5513213597672646
rotterdam_0220,Emmaschool (Hoofdvestiging),15,40.0,4723.000545600653,7835.496584805455,0.6027697791049345
rotterdam_0221,Emmaschool (nevenvestiging),15,40.0,4584.836858018636,7760.887771709096,0.5907619067411107
rotterdam_0222,Koninklijke Visio Onderwijs Rotterdam,15,40.0,5930.220866021514,11431.118041529915,0.5187787270218607
rotterdam_0223,Juliana van Stolbergschool,15,40.0,12478.665020160675,23473.967992882728,0.5315958948203469
rotterdam_0224,De Globe,15,40.0,8326.370649158805,17098.180209429782,0.48697408421083
rotterdam_0225,Recon openluchtschool,15,40.0,6503.582862049303,10775.440601009876,0.6035560960207778
rotterdam_0226,Doctor A. van Voorthuysenschool,15,40.0,1319.6739217854338,7846.120254718982,0.1681944552139291
rotterdam_0227,Wereld op Zuid,15,40.0,4212.009562804,5998.51295508259,0.7021756215822005
rotterdam_0228,Basisschool Park16Hoven,15,40.0,434.4812567086843,3344.2225687667124,0.12991995830855033
rotterdam_0229,Shri Saraswatie School,15,40.0,7001.579632439612,16068.249724829533,0.4357400309518709
rotterdam_0230,Vrijeschool Rotterdam-West,15,40.0,6916.337501511574,19065.44484950423,0.3627682205218214
rotterdam_0231,De Rotterdamse Montessorischool,15,40.0,6172.131352119446,19998.234746938942,0.30863380844472743
rotterdam_0232,De Korf,15,40.0,10351.930273251535,20037.499536995885,0.5166278484068549
rotterdam_0233,Lucas,15,40.0,11415.2715309906,20525.499179575443,0.5561507387040668
rotterdam_0234,Lombardia,15,40.0,3523.432330412567,7903.413431346006,0.44581146627584456
rotterdam_0235,MFC,15,40.0,5480.467493626029,6318.913794360744,0.867311641205965
rotterdam_0236,Maria Basisschool,15,40.0,13376.990636253357,24588.423249965905,0.5440361303473131
rotterdam_0237,Basisschool De Nieuwe Haven,15,40.0,1108.247178559075,11167.807346965368,0.09923587899823678
rotterdam_0238,Basisschool Het Open Venster,15,40.0,5724.73134504348,8133.565726765841,0.7038403004729651
rotterdam_0239,,15,40.0,2808.6071655792002,8672.780416528583,0.32384160911379206
rotterdam_0240,,15,40.0,4448.120391861201,8511.197143628271,0.5226198285385967
rotterdam_0241,Talma,15,40.0,6072.9391096787895,13463.000875372645,0.451083615450682
rotterdam_0242,KDV de Villa,15,40.0,4521.048220726252,6245.812011971921,0.7238527531825076
rotterdam_0243,Meester Van Eijckschool,15,40.0,5428.76243946895,7937.296409128867,0.6839561180082938
rotterdam_0244,Rotterdams Onderwijs- en Revalidatiecentrum,15,40.0,3340.249087402867,8880.494470037793,0.37613323207087723
rotterdam_0245,CBS Beatrix,15,40.0,4683.8280074857175,7300.833999826164,0.6415469804678811
rotterdam_0246,,15,40.0,4166.775288550556,9792.214003837518,0.4255192224064566
rotterdam_0247,Ibn-i-Sina,15,40.0,4685.618258065753,9245.906985418373,0.50677756822077
rotterdam_0248,,15,40.0,4367.722121052742,8867.702101145984,0.49254272090266726
rotterdam_0249,De Lis,15,40.0,9200.605272960664,19722.778170160054,0.46649641311085127
rotterdam_0250,Harbour Bilingual,15,40.0,11165.035232560635,23874.751066660196,0.46765033073588796
rotterdam_0251,De Starrenburg,15,40.0,6709.557307488769,12986.54122137934,0.5166546806506903
rotterdam_0252,Nicolaasschool,15,40.0,8987.086225094796,17642.176890807154,0.509409143821572
rotterdam_0253,Het Epos,15,40.0,4506.872838977054,5790.604395265291,0.7783078468738281
rotterdam_0254,Steven Stemerdingschool,15,40.0,4024.786854642527,5259.644963882669,0.7652202538917057
rotterdam_0255,Tarcisiusschool,15,40.0,4417.254168147147,9446.97675958937,0.467583892769008
rotterdam_0256,De Bergse Zonnebloem,15,40.0,4775.979780479669,13517.10577073857,0.3533285794669572
rotterdam_0257,Tarcisiusschool,15,40.0,5628.697619043589,12824.512889884114,0.4389014746504303
rotterdam_0258,Vivere,15,40.0,5483.6777209305765,9029.833747790306,0.6072844610536146
rotterdam_0259,Koningin Wilhelmina School,15,40.0,7481.7616952228545,23256.571445202826,0.32170527426415346
rotterdam_0260,De Piloot,15,40.0,2907.0253873111305,10676.128998830616,0.27229208148660855
rotterdam_0261,,15,40.0,7733.43540760994,16395.62557401538,0.47167675138094645
rotterdam_0262,Prinses Julianaschool,15,40.0,12399.745512371064,23249.945224456937,0.5333236441059483
rotterdam_0263,De Fontein,15,40.0,9546.696916275025,18441.769796192348,0.5176670689299093
rotterdam_0264,De Stelberg,15,40.0,3518.370326949656,9187.634846759216,0.3829462517429828
rotterdam_0265,De Stelberg,15,40.0,4121.337694314419,11259.706670489908,0.3660253161937034
rotterdam_0266,De Clipper,15,40.0,5412.510176427067,11961.524530076982,0.452493339190789
rotterdam_0267,De Mare,15,40.0,5482.8748737010355,10966.680211339704,0.4999575776844176
rotterdam_0268,Montessorischool Tuinstad,15,40.0,3931.9832496930285,9758.116562757754,0.4029448945813582
rotterdam_0269,Openbare Daltonschool Overschie,15,40.0,5436.395525639057,9270.951659272425,0.5863902353758687
rotterdam_0270,De Kring,15,40.0,3340.696107236743,11016.06262123257,0.303256818892607
rotterdam_0271,Sonnevanck,15,40.0,7827.080706262439,16267.376241850368,0.48115200570120525
rotterdam_0272,Laurens Cupertino,15,40.0,11407.571716501117,18574.750176793634,0.6141440185156928
rotterdam_0273,Nova,15,40.0,5761.168439339623,10824.591298384556,0.5322296501115391
rotterdam_0274,Openbare Basisschool Delfshaven,15,40.0,5307.497064257563,12469.79037389962,0.42562841115329625
rotterdam_0275,De Vlinder,15,40.0,8058.724250752925,15791.297782224156,0.5103269130814833
rotterdam_0276,Imeldaschool,15,40.0,15345.601822428704,22979.20690672487,0.6678038056194973
rotterdam_0277,Bergkristal,15,40.0,13770.956165604592,23113.341449240186,0.5958011824403385
rotterdam_0278,Kindcentrum Het Oude Westen,15,40.0,12086.873184604643,24645.110852444843,0.49043695753576216
rotterdam_0279,Mozaïek,15,40.0,10800.81542869568,25751.578350782394,0.4194234342287421
rotterdam_0280,Het Landje,15,40.0,11244.418974403143,21270.43013488529,0.5286408832871392
rotterdam_0281,Jacob Maris,15,40.0,5150.999357870817,10313.432118633482,0.4994457032944838
rotterdam_0282,Accent Vso Op Noord,15,40.0,2615.6163903057577,9989.384470200315,0.2618395956335944
rotterdam_0283,De Globe,15,40.0,8545.636649473905,13972.831135678887,0.611589488665119
rotterdam_0000,PCBS Prinses Margriet,5,20.0,294.93721818923945,1490.1243134880067,0.19792792824033956
rotterdam_0001,Peuterspeelzaal Dikkie Dik,5,20.0,284.6399033880234,1110.0955840957165,0.25641026544564716
rotterdam_0002,Basisschool Müllerpier,5,20.0,217.34237863063814,770.3166159066558,0.2821468135862915
rotterdam_0003,De Boog,5,20.0,509.24428036689767,1558.0567011356354,0.3268457945052449
rotterdam_0004,Basisschool de Wissel,5,20.0,443.9999383020401,1219.3666163635253,0.36412341648827956
rotterdam_0005,Delfshaven,5,20.0,395.9762675857544,1911.9179317235946,0.20710944806547302
rotterdam_0006,,5,20.0,395.9762675857544,1814.3883092832566,0.21824229441942233
rotterdam_0007,Luzac Rotterdam,5,20.0,581.2139225006104,2461.143728055954,0.23615602610892966
rotterdam_0008,BSO Prinsjes en Prinsesjes,5,20.0,575.4502756500244,1642.4965479260682,0.3503509802663686
rotterdam_0009,CBS De Sleutel,5,20.0,1364.9892140197755,2858.576880378723,0.47750656048086865
rotterdam_0010,Oranjeschool,5,20.0,1094.171311225891,2744.5468455016617,0.39867102761217144
rotterdam_0011,Het Podium,5,20.0,574.2925503599645,1285.985547118187,0.4465777641489969
rotterdam_0012,Cornelis Leeflang,5,20.0,320.9719377183914,1181.754731850624,0.2716062217206022
rotterdam_0013,Augustinusschool,5,20.0,1103.014530105591,2867.496884498596,0.38466110846305646
rotterdam_0014,Small Kidz,5,20.0,1103.940364151001,3004.2041853713986,0.36746515750377495
rotterdam_0015,Baboeloes,5,20.0,882.686629486084,2877.5188983154294,0.30675267849772614
rotterdam_0016,KOV Toverkunst,5,20.0,166.96632335662844,1085.5535660457613,0.153807539838702
rotterdam_0017,OBS Pluspunt,5,20.0,392.2783245420456,1122.1709494960307,0.34957091405566915
rotterdam_0018,De Kijkdoos,5,20.0,852.1609845733643,2618.2150531387324,0.32547402229308414
rotterdam_0019,PCBS Willem van Oranje,5,20.0,799.0633154678345,2471.1750441360473,0.32335358734055064
rotterdam_0020,CBS De Sleutel,5,20.0,1289.241972770691,3069.354642562866,0.4200368230157311
rotterdam_0021,Pantarijn,5,20.0,836.3623213195801,2596.7797109031676,0.32207673134841724
rotterdam_0022,Christophoor,5,20.0,346.58715069770807,961.683225621842,0.3603963773763429
rotterdam_0023,De Catamaran,5,20.0,879.3649983692169,1599.5639799034595,0.5497529385616012
rotterdam_0024,,5,20.0,443.12516782283785,957.2676674365996,0.4629062308240827
rotterdam_0025,De Regenboog,5,20.0,354.54547443389896,851.8615306594596,0.41620082803766395
rotterdam_0026,Da Costa School,5,20.0,1099.020819797516,2352.4445991194243,0.4671824451079126
rotterdam_0027,BSO Nieuwenoord,5,20.0,351.5880044174194,1392.9406923544407,0.2524070165709224
rotterdam_0028,KDV De Sprookjesboom,5,20.0,447.7476459693909,1235.2257226860524,0.3624824497629016
rotterdam_0029,KDV Kabouterland,5,20.0,494.8426354455948,847.4566365264357,0.5839149923633392
rotterdam_0030,BSO Stormpolder,5,20.0,98.17718706965447,521.0851202559425,0.1884091163866521
rotterdam_0031,De Droomplaats Kiekebos & Buitengewoon,5,20.0,77.88187278032304,486.72300115324555,0.16001272303916
rotterdam_0032,SBO van Heuven Goedhart,5,20.0,580.8073464655876,1117.440130072832,0.5197659640411625
rotterdam_0033,Phuntsok Chö Ling,5,20.0,720.1791664934158,1254.100910731554,0.5742593441490399
rotterdam_0034,Peutermontessori,5,20.0,807.6944913482665,2052.128786792755,0.39358859762919735
rotterdam_0035,Harbour International Primary School,5,20.0,524.1101442337036,1841.0872693157194,0.284674253615637
rotterdam_0036,De Dikkedeur,5,20.0,5.488452679514884,7.191158714070916,0.7632222980666032
rotterdam_0037,Wow verbazisschool,5,20.0,132.4216273355484,837.7827317875624,0.15806201573646989
rotterdam_0038,Kindercentrum Prinses Amalia,5,20.0,255.04823791980743,1244.7936233025787,0.20489198622590588
rotterdam_0039,OBS De Groene Palm,5,20.0,595.580721206665,1616.3945019435882,0.3684624765120926
rotterdam_0040,PC de Regenboog,5,20.0,722.4484208011627,1488.6691310203078,0.4852981806010911
rotterdam_0041,Zadkine,5,20.0,1396.1148736572263,3026.6324772262574,0.4612766446412711
rotterdam_0042,De Globetrotter,5,20.0,215.0550890237093,372.6550144670904,0.5770889446670818
rotterdam_0043,Kleine prins,5,20.0,470.7128144884109,1058.2807312683017,0.44479012097695747
rotterdam_0044,Basisschool Müllerpier,5,20.0,194.35089102745056,896.5243168537319,0.21678262081000413
rotterdam_0045,Sagenn,5,20.0,75.81625876307487,662.7700507748127,0.114393006555504
rotterdam_0046,KindeRdam,5,20.0,418.0168990707397,2017.5776600429417,0.20718751369493393
rotterdam_0047,gro-up,5,20.0,438.0228876876831,2315.341165912002,0.189182870384956
rotterdam_0048,Het Steigertje,5,20.0,850.1349240112305,2618.185022300482,0.3247039138831582
rotterdam_0049,Rolykids,5,20.0,509.2931403732299,1742.9527934238313,0.2922013391841679
rotterdam_0050,Kiddoozz,5,20.0,368.7276709473133,1307.5512860131262,0.2819986297222851
rotterdam_0051,St. Michaëlschool,5,20.0,380.2059926909208,781.9486118996888,0.4862288734898286
rotterdam_0052,Eduard van Beinum,5,20.0,588.6961253488064,1111.3289859491586,0.5297226409027886
rotterdam_0053,Kinderdam,5,20.0,218.73143921673295,378.8154503916204,0.5774089704910605
rotterdam_0054,Small Kidz,5,20.0,1414.3973679351807,2970.0964147663117,0.476212610776969
rotterdam_0055,Kiddoozz,5,20.0,741.9802380371094,1684.4663461840155,0.4404838598990054
rotterdam_0056,Sjakie,5,20.0,79.74471776723861,228.14191289395092,0.34953997165924966
rotterdam_0057,Het Randstadje,5,20.0,121.61902009069918,771.7675562870502,0.15758503852611339
rotterdam_0058,De Pijler,5,20.0,325.5416776654124,1030.5722649171948,0.3158843768142443
rotterdam_0059,Het Steigertje,5,20.0,726.4072528457641,3903.920718631744,0.1860712102525374
rotterdam_0060,Willibrordschool,5,20.0,726.4072528457641,4012.8832362556454,0.18101878626390402
rotterdam_0061,Jan Prins,5,20.0,1389.0079082107543,4051.205667819977,0.3428628467925212
rotterdam_0062,OBS de Schalm,5,20.0,223.29026688337325,573.437701215744,0.3893888846338077
rotterdam_0063,Zadkine,5,20.0,666.1509461402893,1763.2038325071333,0.37780711104346715
rotterdam_0064,De Stoomtram,5,20.0,296.97869552642106,668.3736632207035,0.444330337756525
rotterdam_0065,De Regenboog (obs),5,20.0,405.58991907119747,1336.8825366449357,0.3033848583953181
rotterdam_0066,Young Rotterdam Business School / Young Waldorf School,5,20.0,380.8451946544647,1211.9774699097873,0.3142345498244391
rotterdam_0067,KDBS Het Tangram,5,20.0,65.07134616851806,1098.740449795723,0.05922358294956382
rotterdam_0068,OBS Passe Partout,5,20.0,146.46034300804138,1078.5080775403976,0.1357990227964291
rotterdam_0069,De Horizon,5,20.0,667.4836068576574,1135.7410454940796,0.5877075672362295
rotterdam_0070,Peuterspeelzaal Dominootje,5,20.0,532.511799697876,1645.280827305317,0.32366012589476134
rotterdam_0071,De Klimop Oude Noorden,5,20.0,536.1876658248901,2633.18017868042,0.2036274122698253
rotterdam_0072,Rotterdamsche Schoolvereniging Noord,5,20.0,1414.3973679351807,2751.5895745086673,0.5140291928122093
rotterdam_0073,Het Ritme,5,20.0,143.04930344581604,799.1022338569536,0.17901251853016736
rotterdam_0074,Sint Mattheusschool,5,20.0,91.35802461862565,800.9205432689563,0.11406627709379007
rotterdam_0075,Het Epos,5,20.0,347.81366881847384,1087.0746333158017,0.31995380828413816
rotterdam_0076,Kindergarden,5,20.0,238.77504682064057,995.9172343488597,0.2397539058320986
rotterdam_0077,Kindergarden,5,20.0,607.3699520874023,1599.7034298753738,0.3796765955141573
rotterdam_0078,Kindergarden,5,20.0,317.8189615535736,674.5590819734334,0.47115066722367616
rotterdam_0079,Kindergarden,5,20.0,202.6578277301788,537.6466763210296,0.37693495869240995
rotterdam_0080,Kindergarden,5,20.0,182.53214371919637,802.7122587948292,0.22739423961613003
rotterdam_0081,CompaNanny,5,20.0,935.1265900802612,2390.3885176849362,0.39120276187819064
rotterdam_0082,Fatimaschool,5,20.0,847.5772864723206,2356.812733192444,0.3596286096622647
rotterdam_0083,De Toermalijn,5,20.0,356.6042866230011,920.0594565102086,0.3875883064944557
rotterdam_0084,Shri Saraswatie,5,20.0,476.9167643737793,1565.934514951706,0.30455728500785206
rotterdam_0085,Accent VSO Op Zuid,5,20.0,583.1143721485137,1528.5600483059884,0.38147953218765884
rotterdam_0086,Mytylschool De Brug,5,20.0,58.67132903337479,877.2181957588904,0.06688339265764731
rotterdam_0087,Tytylschool Rotterdam,5,20.0,58.67132903337479,944.676914096903,0.0621072963230648
rotterdam_0088,Kindcentrum Blijvliet,5,20.0,1159.3208353424072,2882.5323667144776,0.4021883149446839
rotterdam_0089,Winford Rotterdam,5,20.0,883.5463390922547,2440.3326128304006,0.36205980055623666
rotterdam_0090,Aja Kabaja,5,20.0,351.6363241386413,1043.38513605237,0.337014887397238
rotterdam_0091,gro-up kinderopvang,5,20.0,468.9640405446291,1775.8685811680555,0.26407586998142274
rotterdam_0092,Oscar Romeroschool,5,20.0,905.5966402435304,2275.2854485988614,0.3980145176075397
rotterdam_0093,Dikkertje Dap,5,20.0,1048.6509937667847,2002.600318250656,0.5236446754801374
rotterdam_0094,Het Randstadje,5,20.0,1014.957292175293,2544.745008234978,0.39884439851176373
rotterdam_0095,Van Brienenoordschool,5,20.0,494.8426354455948,844.0997175709903,0.5862371768937095
rotterdam_0096,CSG Calvijn Lombardijen,5,20.0,262.61168327569965,1173.1794317984582,0.22384613653950763
rotterdam_0097,Christelijke Basisschool De Akker,5,20.0,496.7093621063232,2059.191346817017,0.24121573882587882
rotterdam_0098,BSO de Kantine,5,20.0,258.319066734314,1183.6234549883009,0.21824429521537933
rotterdam_0099,A.J. Schreuderschool,5,20.0,454.3310707092285,1313.9344331297277,0.34577910377691684
rotterdam_0100,"Openbare Montessorischool de Mare, gebouw het Zonnetje",5,20.0,262.61168327569965,1125.7037064230442,0.23328668261220867
rotterdam_0101,LMC Expertisecentrum en onderwijsopvangvoorzieningen EZ Zuid,5,20.0,392.5282067108154,1466.8326272058487,0.26760258766437284
rotterdam_0102,Vreewijkschool,5,20.0,651.7472311401368,1922.864665646553,0.3389459709693039
rotterdam_0103,Nieuw Zuid locatie Olympiaweg,5,20.0,62.048019381761556,681.3114438045025,0.09107144749437938
rotterdam_0104,A.J. Schreuderschool,5,20.0,354.1873853087426,1092.9175637221335,0.32407511514637183
rotterdam_0105,Kindcentrum Talma,5,20.0,585.4741132158786,1570.891753378585,0.3727017548832846
rotterdam_0106,Johannes-Martinusschool,5,20.0,440.8825890922547,2140.186955394745,0.20600190463778267
rotterdam_0107,,5,20.0,799.0633154678345,2430.471045379639,0.32876890962633176
rotterdam_0108,Obs de Toermalijn,5,20.0,361.16729996412994,913.4824650949239,0.39537409174745297
rotterdam_0109,De Droomplaats Kinderopvang Kiekeboe,5,20.0,15.09676098704338,529.0388681498915,0.028536203851785884
rotterdam_0110,Kinderdagverblijf Katinka,5,20.0,710.2136206626892,1445.8878177785873,0.4911955214850881
rotterdam_0111,OBS Finlandia,5,20.0,513.6114023733138,1389.6098023863137,0.36960836163598754
rotterdam_0112,Mariaschool,5,20.0,788.1695050430299,2364.325631084442,0.33335911715406186
rotterdam_0113,Mariaschool,5,20.0,788.1695050430299,2362.5947228622435,0.33360334610761166
rotterdam_0114,OBS Kasteel Spangen,5,20.0,480.80682228088375,1428.672612991333,0.33654093870685864
rotterdam_0115,,5,20.0,294.93721818923945,1490.1243134880067,0.19792792824033956
rotterdam_0116,CBS De Ark,5,20.0,1171.020862903595,2755.7664171600345,0.4249347316273615
rotterdam_0117,Van Oldenbarneveltschool,5,20.0,867.8698806190491,2281.8084448051454,0.38034300495068973
rotterdam_0118,Petrus Datheen,5,20.0,176.0699938964844,530.3635498583317,0.33197981637975577
rotterdam_0119,Instituut Mr. Schats Zuid,5,20.0,368.5412887573242,1169.001362797618,0.31526164167622744
rotterdam_0120,Het Festijn,5,20.0,436.1191067767143,1627.7316815876961,0.26793058813681253
rotterdam_0121,Openbare Literaire Basisschool de Piramide,5,20.0,397.69159874379636,1227.0019951623678,0.324116505361648
rotterdam_0122,,5,20.0,303.26084847450255,1085.7075243763627,0.27932094202690316
rotterdam_0123,,5,20.0,311.9100415611267,1261.1123814693092,0.24732929923162242
rotterdam_0124,osbs De Kameleon,5,20.0,216.8420776939392,1155.3406254879385,0.18768670720148842
rotterdam_0125,KBS Elisabethschool,5,20.0,366.70345467947425,1308.4652225150912,0.28025464366153213
rotterdam_0126,Tyltylschool Rotterdam,5,20.0,105.95617630004882,854.9392507496477,0.12393415813713297
rotterdam_0127,CSG Calvijn - Calvijn Business School,5,20.0,444.6603568059206,1015.7418334749574,0.4377690690209064
rotterdam_0128,Emmauscollege,5,20.0,592.7716112709045,900.1644480609895,0.6585147997655002
rotterdam_0129,Minister Marga Klompeschool,5,20.0,164.08476531744003,1251.6732826042175,0.1310923286434996
rotterdam_0130,Fridtjof Nansenschool,5,20.0,244.2527770547569,873.9110334018433,0.27949387033593404
rotterdam_0131,De Kralingsche School,5,20.0,409.5996633857489,1443.2307845333962,0.2838074601618026
rotterdam_0132,De Triangel,5,20.0,798.7064588928223,2015.1706930160522,0.39634680161878477
rotterdam_0133,,5,20.0,463.98074238777156,1337.0852732467654,0.34700908885273596
rotterdam_0134,,5,20.0,726.4072528457641,3815.858364505768,0.19036536041343577
rotterdam_0135,,5,20.0,229.79693426370625,351.8455509634316,0.653118772241033
rotterdam_0136,OBS Charlois,5,20.0,705.8993299150467,1643.97694996953,0.4293851747301749
rotterdam_0137,,5,20.0,121.61902009069918,780.4694860088825,0.1558280269387944
rotterdam_0138,Het Kompas,5,20.0,512.4856160926819,1496.6604153597355,0.3424194365222798
rotterdam_0139,,5,20.0,1199.7275611877442,2792.612723760605,0.4296075682030696
rotterdam_0140,,5,20.0,866.680182876587,2310.925708618164,0.37503593458001083
rotterdam_0141,,5,20.0,443.9999383020401,1208.7980961370467,0.3673069470583464
rotterdam_0142,Katholieke basisschool voor Jenaplanonderwijs: Meester Baars,5,20.0,399.41347964905196,748.5684824242443,0.5335697254519034
rotterdam_0143,Onze Wereld,5,20.0,1114.1591219329835,2021.9377286076547,0.5510353292137314
rotterdam_0144,Basisschool Park16Hoven,5,20.0,342.6825743019581,726.7835898971557,0.4715056573449185
rotterdam_0145,De Horizon,5,20.0,1188.406946544647,2181.0453449344636,0.5448795227044473
rotterdam_0146,Plazja Plus,5,20.0,392.2783245420456,1048.998394640684,0.37395512380780493
rotterdam_0147,,5,20.0,266.8542300319671,822.5400507706404,0.3244270352330571
rotterdam_0148,Goede Herderschool,5,20.0,682.5376945114135,1673.994798307419,0.40772987777592223
rotterdam_0149,Isra,5,20.0,828.6756911468507,2021.066458334923,0.410019021259481
rotterdam_0150,,5,20.0,401.0762792785465,1006.2739309155942,0.3985756432282937
rotterdam_0151,,5,20.0,859.0243068981171,1686.9900244331359,0.5092053269175479
rotterdam_0152,Kruidenhoek,5,20.0,979.2500678825379,1746.4827599304913,0.5606983878395178
rotterdam_0153,Kindcentrum IJsselmonde,5,20.0,875.0334278678895,1674.1803139859437,0.5226637898904575
rotterdam_0154,,5,20.0,542.3591826534272,1013.1269434928895,0.5353319109089844
rotterdam_0155,de Regenboog,5,20.0,822.0372623205185,1522.9936130201816,0.5397509584366362
rotterdam_0156,Paus Joannesschool,5,20.0,326.9998999488354,861.3031790839881,0.3796571380319365
rotterdam_0157,Albert Schweitzerschool,5,20.0,443.12516782283785,1006.9062058687209,0.44008584438162845
rotterdam_0158,De Pionier,5,20.0,934.2941999955475,1895.4055737602712,0.492925742611389
rotterdam_0159,,5,20.0,501.7140877914429,1324.1998508453369,0.37888094268486805
rotterdam_0160,,5,20.0,414.364063091278,1339.3265437269213,0.30938240194824645
rotterdam_0161,,5,20.0,87.90285015821458,349.36641549646856,0.2516064689082947
rotterdam_0162,,5,20.0,167.88384625434878,545.1714409691095,0.30794688356366307
rotterdam_0163,Heijbergschool,5,20.0,336.1127712951228,712.9143436924741,0.47146305060192467
rotterdam_0164,De Hildegaertschool,5,20.0,363.5907169151306,1398.7435682868959,0.25994093925338757
rotterdam_0165,,5,20.0,426.7791465872526,779.9310482705383,0.5472011244245449
rotterdam_0166,,5,20.0,230.35767938792705,546.0852867139131,0.42183461996222654
rotterdam_0167,,5,20.0,481.19757077276705,1057.4024050050973,0.4550751620150206
rotterdam_0168,,5,20.0,442.23296685338016,999.3702354669571,0.44251164499285517
rotterdam_0169,Prins Alexanderschool,5,20.0,236.8596554046869,653.6606264783443,0.362358762039546
rotterdam_0170,Agnesschool,5,20.0,58.795519203841685,658.460985363722,0.08929233547734662
rotterdam_0171,,5,20.0,133.77631374359132,757.224755025506,0.17666658789976464
rotterdam_0172,Het Landje,5,20.0,795.0347736740113,2953.045527228117,0.269225369654315
rotterdam_0173,,5,20.0,736.0460844802857,1812.2634726452827,0.40614739279929923
rotterdam_0174,De Piloot,5,20.0,505.0322953319549,1320.0075230312348,0.3825980432082769
rotterdam_0175,De Waterlelie,5,20.0,901.1015181434155,1570.940711581111,0.5736063184946556
rotterdam_0176,,5,20.0,478.8208586120606,1739.2585110095145,0.2753017194287809
rotterdam_0177,Jan Antonie Bijloo,5,20.0,208.92182267189025,1357.2823138161002,0.15392657853508088
rotterdam_0178,Rudolf Steinerschool,5,20.0,78.74694282889367,902.7471593854578,0.08723034130896672
rotterdam_0179,De Bavokring,5,20.0,716.1280331802368,2326.2159928035735,0.307851048825932
rotterdam_0180,De Margriet,5,20.0,431.02170707702635,1843.9951883755625,0.23374340117271558
rotterdam_0181,A. Willeboerschool,5,20.0,213.77087093651295,800.0948741388321,0.26718190285446014
rotterdam_0182,De Triangel,5,20.0,747.4713084220887,1821.7931297735868,0.4102942843543299
rotterdam_0183,Wilhelminaschool,5,20.0,300.14845272064207,2231.833968467712,0.13448511715533748
rotterdam_0184,Kindcentrum IJsselmonde,5,20.0,367.61886675596236,786.114452431798,0.46764038699295685
rotterdam_0185,Rotterdamse Schoolvereniging Zuid,5,20.0,324.9014893984794,754.8369058043509,0.4304260786669748
rotterdam_0186,Oranjeschool,5,20.0,946.7841988229751,2596.72600440979,0.3646068923772224
rotterdam_0187,Nieuwe Park Rozenburgschool,5,20.0,352.8817478179932,1457.445592124462,0.2421234451048091
rotterdam_0188,De Stern,5,20.0,15.34177981853485,181.10256489120422,0.08471321114502872
rotterdam_0189,PCBS Beatrixschool,5,20.0,1107.989385070801,2524.9779840755464,0.4388115033313694
rotterdam_0190,Over de Slinge,5,20.0,1081.6152155685422,2491.115488395691,0.43418910950014433
rotterdam_0191,De Margriet,5,20.0,469.82103823661805,2129.1137976264954,0.2206650667335713
rotterdam_0192,Prinses Margrietschool,5,20.0,130.12423350334169,545.1409380453825,0.2386983336270903
rotterdam_0193,De Kleine Plantage,5,20.0,115.5628844833374,654.4837620782852,0.17657104909122942
rotterdam_0194,Waldorfschool Nesselande,5,20.0,11.950546964025126,285.4724078516196,0.041862353892487845
rotterdam_0195,OBS Passe-Partout,5,20.0,5.803271851269528,45.131046279584986,0.12858713301966226
rotterdam_0196,Vrijeschool Vredehof,5,20.0,429.7697119140625,1743.2346053439378,0.24653578502663417
rotterdam_0197,Montessorischool Kralingen,5,20.0,450.58945417523387,1488.9170074659585,0.30262899269456817
rotterdam_0198,Luzac,5,20.0,581.2139225006104,2461.143728055954,0.23615602610892966
rotterdam_0199,Nieuwe Park Rozenburgschool,5,20.0,656.4514195251465,2334.435963907242,0.2812034382928272
rotterdam_0200,Openbare Basisschool Crooswijk,5,20.0,649.6534706878663,2464.334695625305,0.2636222554676251
rotterdam_0201,Waalse School,5,20.0,580.240726852417,2542.3155333518985,0.2282331674571498
rotterdam_0202,Arentschool,5,20.0,388.80591506004333,2013.9644862794876,0.1930550005766521
rotterdam_0203,IBS Noen,5,20.0,213.31133946418763,1333.2717697131634,0.15999089181201134
rotterdam_0204,De Blijberg,5,20.0,587.4566529083252,1397.6235590004922,0.4203253795524481
rotterdam_0205,De Margriet,5,20.0,616.1641527557374,1648.0127980160714,0.37388311152528353
rotterdam_0206,Dominicusschool,5,20.0,532.511799697876,1646.391033871174,0.3234418730073962
rotterdam_0207,De Archipel,5,20.0,354.33750737428664,1524.8873895758393,0.23236962269905628
rotterdam_0208,Auris Taalfontein,5,20.0,57.29049317240715,801.3869720104337,0.07148917461021721
rotterdam_0209,Auris Hildernisseschool,5,20.0,685.4352666282654,1343.6462544059752,0.5101307463781051
rotterdam_0210,Auris Doctor M. Polanoschool,5,20.0,265.3052253389358,1070.0643072760104,0.247933907836161
rotterdam_0211,,5,20.0,136.1250662249327,804.9550114744902,0.1691089120317212
rotterdam_0212,"Bergse Veld School, Horizon",5,20.0,172.61462578177455,582.4781004262343,0.2963452628613197
rotterdam_0213,Ibn-i Sina,5,20.0,533.0999962234497,1781.1689830856026,0.29929782142283634
rotterdam_0214,Pniëlschool,5,20.0,404.0817790985107,2070.367360520363,0.1951739516396498
rotterdam_0215,Mr. Schats Noord,5,20.0,210.68525805830956,1068.3260255014895,0.19721063891466137
rotterdam_0216,IBS Risala,5,20.0,827.1808082962035,2326.848227176666,0.35549409653584585
rotterdam_0217,IBS Al-Ghazali,5,20.0,692.1255108356476,1525.9749478131532,0.4535628267210546
rotterdam_0218,De Wilgenstam,5,20.0,963.8816828570142,2128.3083099840583,0.45288630333085245
rotterdam_0219,Emmaschool (Nevenvestiging),5,20.0,599.8782311630249,1247.6551297020912,0.48080452432897924
rotterdam_0220,Emmaschool (Hoofdvestiging),5,20.0,562.3723577976226,1210.353505487442,0.4646347990466968
rotterdam_0221,Emmaschool (nevenvestiging),5,20.0,505.76160971641536,1193.797407336235,0.42365782218018067
rotterdam_0222,Koninklijke Visio Onderwijs Rotterdam,5,20.0,506.41431037902834,1614.6318313211204,0.31364073255304964
rotterdam_0223,Juliana van Stolbergschool,5,20.0,841.3541495513916,2970.4054984664917,0.2832455535063314
rotterdam_0224,De Globe,5,20.0,736.2984057331084,2172.8796435403824,0.33885834768713663
rotterdam_0225,Recon openluchtschool,5,20.0,340.1279794723913,1180.3495776123182,0.2881586827526321
rotterdam_0226,Doctor A. van Voorthuysenschool,5,20.0,175.52214325904845,685.3448801672457,0.2561077617100102
rotterdam_0227,Wereld op Zuid,5,20.0,518.3731938171386,966.3640148064122,0.5364160770421301
rotterdam_0228,Basisschool Park16Hoven,5,20.0,5.048885346930474,192.57248788219877,0.026218103128101033
rotterdam_0229,Shri Saraswatie School,5,20.0,229.8116702270508,1312.4948055362704,0.17509529885960376
rotterdam_0230,Vrijeschool Rotterdam-West,5,20.0,344.2458921432495,1170.891791229248,0.29400316470051147
rotterdam_0231,De Rotterdamse Montessorischool,5,20.0,236.1182587432861,1234.5336009979249,0.1912611034259593
rotterdam_0232,De Korf,5,20.0,807.6944913482665,2213.6132255363464,0.3648760686964935
rotterdam_0233,Lucas,5,20.0,971.8279263687134,2072.188321170807,0.4689862964866152
rotterdam_0234,Lombardia,5,20.0,440.61369727611543,1001.2452527219057,0.44006570426006825
rotterdam_0235,MFC,5,20.0,731.3341376876831,1536.1623462581633,0.4760786771457403
rotterdam_0236,Maria Basisschool,5,20.0,965.39873254776,2472.692910804749,0.39042403054957875
rotterdam_0237,Basisschool De Nieuwe Haven,5,20.0,317.3607575416565,542.116450898638,0.5854106751705914
rotterdam_0238,Basisschool Het Open Venster,5,20.0,270.8902591896057,1476.0845908558367,0.18351946823897333
rotterdam_0239,,5,20.0,362.3645939064026,1534.1382663974164,0.2362007400788819
rotterdam_0240,,5,20.0,273.7629000210762,680.7928504490852,0.4021236413403701
rotterdam_0241,Talma,5,20.0,349.457791852951,1602.6647706460953,0.21804796502269855
rotterdam_0242,KDV de Villa,5,20.0,421.06059982299803,1204.9003949451444,0.3494567696960276
rotterdam_0243,Meester Van Eijckschool,5,20.0,614.0795966255665,1032.7300732243061,0.5946177152644901
rotterdam_0244,Rotterdams Onderwijs- en Revalidatiecentrum,5,20.0,55.3224796295166,963.9616577492468,0.05739074701237496
rotterdam_0245,CBS Beatrix,5,20.0,284.6399033880234,1097.5954962813853,0.25933042213855045
rotterdam_0246,,5,20.0,570.3212155294418,1328.3699641466142,0.4293391381337305
rotterdam_0247,Ibn-i-Sina,5,20.0,189.66036321725696,1112.9579408226582,0.17041107867658223
rotterdam_0248,,5,20.0,512.6176056623459,1393.97265931502,0.36773863693584885
rotterdam_0249,De Lis,5,20.0,552.3949615955353,2242.8412812709803,0.24629248899971307
rotterdam_0250,Harbour Bilingual,5,20.0,648.9406035995482,2268.5955702018737,0.2860538970116218
rotterdam_0251,De Starrenburg,5,20.0,718.8908631801605,1562.0623282718657,0.46021906435416116
rotterdam_0252,Nicolaasschool,5,20.0,510.3825315666199,1912.4131127929686,0.2668788078017494
rotterdam_0253,Het Epos,5,20.0,478.72890893936153,1063.350477399826,0.45020801618482426
rotterdam_0254,Steven Stemerdingschool,5,20.0,445.1686300468445,1067.977025099397,0.41683352692480674
rotterdam_0255,Tarcisiusschool,5,20.0,266.11692149639134,1017.300829129219,0.26159117723729763
rotterdam_0256,De Bergse Zonnebloem,5,20.0,468.08211860656735,1854.815128979683,0.2523605243957952
rotterdam_0257,Tarcisiusschool,5,20.0,937.9271674919128,1964.2178928422927,0.47750668136654584
rotterdam_0258,Vivere,5,20.0,705.3049446773529,1682.7924765884877,0.419127702607283
rotterdam_0259,Koningin Wilhelmina School,5,20.0,466.2334081268311,2197.0213743400573,0.21221159410289242
rotterdam_0260,De Piloot,5,20.0,282.32905816078187,969.1425159811972,0.2913184113844609
rotterdam_0261,,5,20.0,471.9362190008163,1777.639298400879,0.2654848030336405
rotterdam_0262,Prinses Julianaschool,5,20.0,1070.0536675262454,3078.70501373291,0.3475661561445967
rotterdam_0263,De Fontein,5,20.0,845.9401215744018,1807.479626941681,0.4680219400346781
rotterdam_0264,De Stelberg,5,20.0,509.7928421783447,1242.017271308899,0.41045551777319483
rotterdam_0265,De Stelberg,5,20.0,514.8359628677368,1270.8787812089918,0.405102335863985
rotterdam_0266,De Clipper,5,20.0,315.55547056198117,1190.4172884276509,0.2650797108119784
rotterdam_0267,De Mare,5,20.0,339.2484968566894,1246.2446434611081,0.2722166138379687
rotterdam_0268,Montessorischool Tuinstad,5,20.0,175.5950535964966,874.3554687700234,0.20082799258236506
rotterdam_0269,Openbare Daltonschool Overschie,5,20.0,407.45264690876,1102.662438430786,0.3695171184833424
rotterdam_0270,De Kring,5,20.0,388.32004724502565,1333.4063819503785,0.2912240802965323
rotterdam_0271,Sonnevanck,5,20.0,641.3768131542206,1898.0198473215103,0.33791891800253454
rotterdam_0272,Laurens Cupertino,5,20.0,745.5287867736816,2306.941104316711,0.3231676722819929
rotterdam_0273,Nova,5,20.0,391.7644992542267,1221.3825618463754,0.32075494729676884
rotterdam_0274,Openbare Basisschool Delfshaven,5,20.0,658.563295917511,1611.6266823436322,0.40863265862527565
rotterdam_0275,De Vlinder,5,20.0,688.29694606781,2136.1683174991604,0.3222110076389524
rotterdam_0276,Imeldaschool,5,20.0,841.8023157119751,2750.94749458313,0.30600450112899713
rotterdam_0277,Bergkristal,5,20.0,1334.3875959014892,3369.7669254684447,0.3959880981133408
rotterdam_0278,Kindcentrum Het Oude Westen,5,20.0,983.6543531036377,2778.1168393898015,0.35407234827448514
rotterdam_0279,Mozaïek,5,20.0,945.8847304534912,2995.536601734161,0.31576470469628193
rotterdam_0280,Het Landje,5,20.0,1129.8793765258788,2882.148957628012,0.3920267110190451
rotterdam_0281,Jacob Maris,5,20.0,301.6622159576416,1163.6618991565704,0.25923527802731045
rotterdam_0282,Accent Vso Op Noord,5,20.0,155.0646577548981,869.425685775876,0.17835297517868742
rotterdam_0283,De Globe,5,20.0,1247.3173177719118,2321.480153264999,0.5372939829003697
rotterdam_0000,PCBS Prinses Margriet,10,20.0,1651.0645498561857,4838.321914539486,0.3412473537353157
rotterdam_0001,Peuterspeelzaal Dikkie Dik,10,20.0,1880.0654559940099,3347.4522062405945,0.5616407166289149
rotterdam_0002,Basisschool Müllerpier,10,20.0,979.5720074950159,2563.8973950974273,0.38206365409478193
rotterdam_0003,De Boog,10,20.0,3105.818732833862,6537.718004932403,0.4750615934322445
rotterdam_0004,Basisschool de Wissel,10,20.0,1490.372844713032,4712.748259807229,0.31624282956586236
rotterdam_0005,Delfshaven,10,20.0,1378.1982895851136,5854.9810289864245,0.2353890273532958
rotterdam_0006,,10,20.0,1391.061247420311,5550.67416635558,0.2506112241017461
rotterdam_0007,Luzac Rotterdam,10,20.0,2951.88441711843,7341.137766011953,0.4021017601365668
rotterdam_0008,BSO Prinsjes en Prinsesjes,10,20.0,2619.465471801758,4670.220115777441,0.560886940414735
rotterdam_0009,CBS De Sleutel,10,20.0,4969.572702534199,9066.170681856871,0.5481446221257733
rotterdam_0010,Oranjeschool,10,20.0,4269.208535811901,7991.456317310334,0.5342215944501063
rotterdam_0011,Het Podium,10,20.0,1923.612751839161,3129.1195299485325,0.614745692335633
rotterdam_0012,Cornelis Leeflang,10,20.0,1662.588233332634,4265.797454634308,0.38974851736723204
rotterdam_0013,Augustinusschool,10,20.0,4586.929555625915,9462.76560037613,0.4847345637985149
rotterdam_0014,Small Kidz,10,20.0,5410.533805122375,11074.636544556619,0.48855181687942156
rotterdam_0015,Baboeloes,10,20.0,5318.75862865448,11286.590754090399,0.47124581235719004
rotterdam_0016,KOV Toverkunst,10,20.0,1077.4268479967118,3476.2171465183883,0.30994233173143704
rotterdam_0017,OBS Pluspunt,10,20.0,991.432833532095,3775.5020821187645,0.26259628837913795
rotterdam_0018,De Kijkdoos,10,20.0,3790.054037857056,8361.005950529576,0.4533012008700937
rotterdam_0019,PCBS Willem van Oranje,10,20.0,2997.924700088501,7366.628637328147,0.40696020495690943
rotterdam_0020,CBS De Sleutel,10,20.0,4927.622772326471,9457.430517863035,0.5210318767892886
rotterdam_0021,Pantarijn,10,20.0,3931.6444924545285,8378.711697109939,0.46924212630572637
rotterdam_0022,Christophoor,10,20.0,1508.7240850810335,2894.1009463307537,0.5213101108286664
rotterdam_0023,De Catamaran,10,20.0,2836.353814214468,4935.10110949993,0.5747306390044505
rotterdam_0024,,10,20.0,2245.0757885956764,4377.812269814014,0.5128305304628916
rotterdam_0025,De Regenboog,10,20.0,1302.6224783706664,2442.093054970242,0.5334041123942918
rotterdam_0026,Da Costa School,10,20.0,4406.366408966183,7805.082368310094,0.5645509170866343
rotterdam_0027,BSO Nieuwenoord,10,20.0,1784.431698374748,3816.6306771135332,0.4675410982454006
rotterdam_0028,KDV De Sprookjesboom,10,20.0,2021.1326595771313,4961.936940692067,0.40732735698475714
rotterdam_0029,KDV Kabouterland,10,20.0,935.2592740325629,1540.5582184687535,0.6070911587892921
rotterdam_0030,BSO Stormpolder,10,20.0,735.3255532914307,2766.1624504752413,0.26582876691320056
rotterdam_0031,De Droomplaats Kiekebos & Buitengewoon,10,20.0,486.4562733942271,1898.7676263514907,0.2561957907029202
rotterdam_0032,SBO van Heuven Goedhart,10,20.0,1485.462623590231,3445.9289470870795,0.4310775545287797
rotterdam_0033,Phuntsok Chö Ling,10,20.0,1966.9257831287382,4266.895614195317,0.4609734947780474
rotterdam_0034,Peutermontessori,10,20.0,3766.7500964355468,7630.701902318002,0.4936308801804077
rotterdam_0035,Harbour International Primary School,10,20.0,2644.4271474361417,6542.7537079477315,0.40417647759289116
rotterdam_0036,De Dikkedeur,10,20.0,17.19082902353257,198.13771387396847,0.08676202368251468
rotterdam_0037,Wow verbazisschool,10,20.0,743.5910084676743,1901.5871429710137,0.3910370404092541
rotterdam_0038,Kindercentrum Prinses Amalia,10,20.0,2087.773565994352,4509.263081846386,0.46299662009063386
rotterdam_0039,OBS De Groene Palm,10,20.0,2475.760683634281,4183.485965079144,0.5917937108670195
rotterdam_0040,PC de Regenboog,10,20.0,2335.925882846713,4156.527652979046,0.5619897370759749
rotterdam_0041,Zadkine,10,20.0,3964.720112743378,9934.29745918274,0.399094161316722
rotterdam_0042,De Globetrotter,10,20.0,532.9141100008785,1679.453512353748,0.31731399891742246
rotterdam_0043,Kleine prins,10,20.0,1685.0539116716386,3512.675237339735,0.4797067186170577
rotterdam_0044,Basisschool Müllerpier,10,20.0,976.4557271681726,2641.7140793089193,0.36962960330045125
rotterdam_0045,Sagenn,10,20.0,760.9494299614429,2690.16643244653,0.28286332800213004
rotterdam_0046,KindeRdam,10,20.0,2950.5917950427533,7513.87762626879,0.3926856334108207
rotterdam_0047,gro-up,10,20.0,3038.887987774611,6977.415929565318,0.4355320104822716
rotterdam_0048,Het Steigertje,10,20.0,3851.6949064980454,7209.437450796143,0.5342573443192437
rotterdam_0049,Rolykids,10,20.0,3032.434266715348,6433.771908664425,0.47133070767266994
rotterdam_0050,Kiddoozz,10,20.0,2586.5700825345516,5860.620204645395,0.4413475011542837
rotterdam_0051,St. Michaëlschool,10,20.0,1561.9556188572199,2532.689301377609,0.6167182125370149
rotterdam_0052,Eduard van Beinum,10,20.0,1769.4850489109754,2481.9011811507494,0.7129554803993212
rotterdam_0053,Kinderdam,10,20.0,564.2729572947324,1473.2732124851645,0.3830063239546035
rotterdam_0054,Small Kidz,10,20.0,4259.176963214875,9566.545788455904,0.44521576098600696
rotterdam_0055,Kiddoozz,10,20.0,2130.44769628644,3969.1536450001595,0.5367511280320706
rotterdam_0056,Sjakie,10,20.0,417.31976652055977,1518.1035000103711,0.27489546431959927
rotterdam_0057,Het Randstadje,10,20.0,1279.5923630195857,2454.2506297189,0.5213780318622736
rotterdam_0058,De Pijler,10,20.0,1222.380318160057,3383.8474003952742,0.3612397881823123
rotterdam_0059,Het Steigertje,10,20.0,4912.986581516266,13166.051050513983,0.373155668519489
rotterdam_0060,Willibrordschool,10,20.0,4912.986581516266,13333.193960198165,0.3684778453071605
rotterdam_0061,Jan Prins,10,20.0,6333.022305932044,13125.704100960495,0.48249010165242223
rotterdam_0062,OBS de Schalm,10,20.0,744.2267395240442,1228.8257943746075,0.6056405577837071
rotterdam_0063,Zadkine,10,20.0,2408.635931634903,4547.618025972247,0.5296478107613171
rotterdam_0064,De Stoomtram,10,20.0,985.9135036361217,3077.727031465173,0.32033818904556033
rotterdam_0065,De Regenboog (obs),10,20.0,1583.1771137857438,3544.4020304764435,0.44666973446376534
rotterdam_0066,Young Rotterdam Business School / Young Waldorf School,10,20.0,2150.980145325549,4397.1948078304895,0.48917099180939194
rotterdam_0067,KDBS Het Tangram,10,20.0,385.5066355991364,3393.704413311668,0.11359464132674675
rotterdam_0068,OBS Passe Partout,10,20.0,935.2153325271606,3507.2936439335253,0.2666487119334243
rotterdam_0069,De Horizon,10,20.0,1756.8677385100723,3632.4941936428845,0.4836532819748789
rotterdam_0070,Peuterspeelzaal Dominootje,10,20.0,2237.8316451227665,4395.906773019731,0.5090716797857628
rotterdam_0071,De Klimop Oude Noorden,10,20.0,3645.704412841797,10165.836818237305,0.35862314908512766
rotterdam_0072,Rotterdamsche Schoolvereniging Noord,10,20.0,4259.176963214875,9509.605349164904,0.4478815688801323
rotterdam_0073,Het Ritme,10,20.0,1277.2027676959335,3635.4196311645205,0.35132196480074895
rotterdam_0074,Sint Mattheusschool,10,20.0,832.2396761012078,3626.301687400788,0.22950094830574602
rotterdam_0075,Het Epos,10,20.0,1094.9507634651661,3071.0920650369303,0.3565346594231779
rotterdam_0076,Kindergarden,10,20.0,1793.341852984652,4555.619735264554,0.39365486085297874
rotterdam_0077,Kindergarden,10,20.0,2389.5214545851945,5145.124277870208,0.46442443865988053
rotterdam_0078,Kindergarden,10,20.0,871.0926130300761,2033.0454712858655,0.42846686182534094
rotterdam_0079,Kindergarden,10,20.0,954.4309070611,1660.187227025628,0.5748935370205487
rotterdam_0080,Kindergarden,10,20.0,715.5491142652183,2130.6160499223693,0.3358414174582464
rotterdam_0081,CompaNanny,10,20.0,3229.8134170034527,6324.455697731972,0.510686384942455
rotterdam_0082,Fatimaschool,10,20.0,3529.4689203519,5385.644979405403,0.655347490198206
rotterdam_0083,De Toermalijn,10,20.0,1507.5156063823028,2863.5249195964448,0.5264545092887671
rotterdam_0084,Shri Saraswatie,10,20.0,2376.2723357439045,5970.31512020588,0.39801455834410987
rotterdam_0085,Accent VSO Op Zuid,10,20.0,2871.92849670738,4745.801457065047,0.6051514212487665
rotterdam_0086,Mytylschool De Brug,10,20.0,673.061475326661,3280.4357106316093,0.20517441422349075
rotterdam_0087,Tytylschool Rotterdam,10,20.0,673.061475326661,3360.9626745212076,0.20025853914683633
rotterdam_0088,Kindcentrum Blijvliet,10,20.0,4917.822689032554,8718.520453237594,0.5640661985493579
rotterdam_0089,Winford Rotterdam,10,20.0,3505.9434027990696,6293.544061275776,0.5570698113279553
rotterdam_0090,Aja Kabaja,10,20.0,1233.84346080184,4380.202334671914,0.2816864077340065
rotterdam_0091,gro-up kinderopvang,10,20.0,2443.665901848674,5277.405931107402,0.4630430051712735
rotterdam_0092,Oscar Romeroschool,10,20.0,2944.096663265228,8367.623613100051,0.35184382082579047
rotterdam_0093,Dikkertje Dap,10,20.0,3200.7429533195495,7966.66573923111,0.4017669446777196
rotterdam_0094,Het Randstadje,10,20.0,3976.348976368905,7973.057619908265,0.498723220868264
rotterdam_0095,Van Brienenoordschool,10,20.0,935.2592740325629,1494.267973912088,0.625897958305293
rotterdam_0096,CSG Calvijn Lombardijen,10,20.0,1062.530725041032,4307.672384035588,0.24666005914906963
rotterdam_0097,Christelijke Basisschool De Akker,10,20.0,3508.386777706146,8228.620454479456,0.42636390839928306
rotterdam_0098,BSO de Kantine,10,20.0,1627.4576867687701,4184.988829884567,0.3888798161532153
rotterdam_0099,A.J. Schreuderschool,10,20.0,2092.035482661724,4697.454707817435,0.44535511522446175
rotterdam_0100,"Openbare Montessorischool de Mare, gebouw het Zonnetje",10,20.0,1062.530725041032,4362.271465706825,0.24357281141119183
rotterdam_0101,LMC Expertisecentrum en onderwijsopvangvoorzieningen EZ Zuid,10,20.0,1970.86853723526,4609.246833229959,0.4275901483570932
rotterdam_0102,Vreewijkschool,10,20.0,2959.6325296509267,4648.2030236840255,0.6367261745174829
rotterdam_0103,Nieuw Zuid locatie Olympiaweg,10,20.0,483.3455827343464,3661.3160758748654,0.13201416450199585
rotterdam_0104,A.J. Schreuderschool,10,20.0,2189.5160043668748,4229.206328438744,0.5177132148043384
rotterdam_0105,Kindcentrum Talma,10,20.0,1550.6592092514784,4659.196419069302,0.3328168786584942
rotterdam_0106,Johannes-Martinusschool,10,20.0,3415.5966622924807,8414.769739627838,0.4059049466567511
rotterdam_0107,,10,20.0,2997.924700088501,7366.32882319212,0.406976768488782
rotterdam_0108,Obs de Toermalijn,10,20.0,1475.3868995833398,2803.8414048761133,0.5262019802609089
rotterdam_0109,De Droomplaats Kinderopvang Kiekeboe,10,20.0,23.110722590684887,1717.1646834625303,0.013458652401401533
rotterdam_0110,Kinderdagverblijf Katinka,10,20.0,1867.712588316202,2938.4163120387493,0.6356187789538694
rotterdam_0111,OBS Finlandia,10,20.0,2222.1133670492472,3762.850623589903,0.5905398830127533
rotterdam_0112,Mariaschool,10,20.0,3860.4120978546143,6854.10999458313,0.5632258748262773
rotterdam_0113,Mariaschool,10,20.0,3860.4120978546143,6846.900066342353,0.5638189633921246
rotterdam_0114,OBS Kasteel Spangen,10,20.0,1951.183545627594,4431.171035944819,0.44033135480439894
rotterdam_0115,,10,20.0,1651.0645498561857,4840.080740871578,0.34112334860737675
rotterdam_0116,CBS De Ark,10,20.0,4671.1977672672265,8854.723439178466,0.5275373984690612
rotterdam_0117,Van Oldenbarneveltschool,10,20.0,2704.1856909942626,5338.3161887407305,0.5065615440122816
rotterdam_0118,Petrus Datheen,10,20.0,803.5977752006054,2404.200521225929,0.33424740079119597
rotterdam_0119,Instituut Mr. Schats Zuid,10,20.0,1557.4784389209747,4006.596021868587,0.38872859415324873
rotterdam_0120,Het Festijn,10,20.0,2106.9712207317352,4973.047192441225,0.42367810704354925
rotterdam_0121,Openbare Literaire Basisschool de Piramide,10,20.0,2280.716374216676,4606.040746592283,0.49515766353218504
rotterdam_0122,,10,20.0,2347.6316837604345,4547.616476240307,0.5162334370160682
rotterdam_0123,,10,20.0,1934.4229013109207,4065.2086074395474,0.47584837289058773
rotterdam_0124,osbs De Kameleon,10,20.0,1381.390664066747,4372.699808517098,0.31591253105829237
rotterdam_0125,KBS Elisabethschool,10,20.0,1992.8655641815812,4085.955138621852,0.48773554690905224
rotterdam_0126,Tyltylschool Rotterdam,10,20.0,851.42997063756,2954.7424675255597,0.288157083060639
rotterdam_0127,CSG Calvijn - Calvijn Business School,10,20.0,1499.2415402546849,3143.456304741646,0.4769404740868203
rotterdam_0128,Emmauscollege,10,20.0,1689.4833605106173,2875.069615598619,0.5876321572682509
rotterdam_0129,Minister Marga Klompeschool,10,20.0,1643.1497077816723,4555.6766587331895,0.3606818110393699
rotterdam_0130,Fridtjof Nansenschool,10,20.0,1549.3698464161344,3046.6786138847847,0.5085439072421724
rotterdam_0131,De Kralingsche School,10,20.0,2641.8268337226473,4666.9252325332345,0.5660743856161261
rotterdam_0132,De Triangel,10,20.0,2811.90062124636,4684.01038597845,0.6003190406374339
rotterdam_0133,,10,20.0,2031.200015873909,3890.084253382385,0.5221480779260251
rotterdam_0134,,10,20.0,4912.986581516266,13343.872968639136,0.3681829550583104
rotterdam_0135,,10,20.0,519.5539463885128,806.1751370440423,0.6444678364722738
rotterdam_0136,OBS Charlois,10,20.0,2030.1242774075272,3681.629721669852,0.5514200044231329
rotterdam_0137,,10,20.0,1279.5923630195857,2551.433962396979,0.5015189034394821
rotterdam_0138,Het Kompas,10,20.0,2360.0643410527705,5657.673418833018,0.4171439682602906
rotterdam_0139,,10,20.0,4387.394245972633,6298.371334050894,0.6965918668931216
rotterdam_0140,,10,20.0,3776.766421508789,6543.8082379734515,0.5771511456574121
rotterdam_0141,,10,20.0,1490.372844713032,4644.585820179582,0.3208839070725594
rotterdam_0142,Katholieke basisschool voor Jenaplanonderwijs: Meester Baars,10,20.0,1238.8152269049733,2720.190502020512,0.45541487847443113
rotterdam_0143,Onze Wereld,10,20.0,2840.606137878895,4744.853279182687,0.598671016939895
rotterdam_0144,Basisschool Park16Hoven,10,20.0,1185.9585614142566,1684.6870208779208,0.7039637313738146
rotterdam_0145,De Horizon,10,20.0,2851.7101458501816,4608.345752170086,0.6188142772289388
rotterdam_0146,Plazja Plus,10,20.0,991.432833532095,3789.6516185186056,0.2616158247072989
rotterdam_0147,,10,20.0,1058.830090033114,1907.9277746562707,0.5549634027545257
rotterdam_0148,Goede Herderschool,10,20.0,3429.014834909439,5278.698797196895,0.6495947138962203
rotterdam_0149,Isra,10,20.0,3522.376128368377,5814.842890621461,0.6057560272263733
rotterdam_0150,,10,20.0,1615.0828075999023,3652.684060340072,0.442163291683523
rotterdam_0151,,10,20.0,2363.3978140449526,4492.422246585489,0.5260854132403242
rotterdam_0152,Kruidenhoek,10,20.0,3256.6941364580393,5342.9687549948685,0.6095289502513976
rotterdam_0153,Kindcentrum IJsselmonde,10,20.0,2310.1526346492765,4946.915675238967,0.46698848056222053
rotterdam_0154,,10,20.0,1526.0926043224335,3274.665912939161,0.46603001493752266
rotterdam_0155,de Regenboog,10,20.0,2474.701803829074,4097.905584869534,0.6038942949213559
rotterdam_0156,Paus Joannesschool,10,20.0,1207.108894520998,2659.2585828942065,0.4539268585183018
rotterdam_0157,Albert Schweitzerschool,10,20.0,2245.0757885956764,4352.400116183758,0.5158247699350281
rotterdam_0158,De Pionier,10,20.0,2847.2889378342034,5712.95170224756,0.49839191476343786
rotterdam_0159,,10,20.0,1885.820003385544,3377.502296918742,0.5583475117414299
rotterdam_0160,,10,20.0,1603.4259802925585,2959.8540379431843,0.541724679574668
rotterdam_0161,,10,20.0,443.496467115581,1019.3113125565649,0.435094226515778
rotterdam_0162,,10,20.0,588.3366823273897,1722.9484115424752,0.34147086377396485
rotterdam_0163,Heijbergschool,10,20.0,1218.4171045027301,3033.9163647989553,0.40159877794899906
rotterdam_0164,De Hildegaertschool,10,20.0,2019.2096582227944,3847.7682303095607,0.5247742424601143
rotterdam_0165,,10,20.0,1661.818256371096,2541.6078737653047,0.6538452581629633
rotterdam_0166,,10,20.0,1055.1567252600937,2192.352462202385,0.48128973030190064
rotterdam_0167,,10,20.0,1691.5707823151351,2435.3588080275804,0.6945879090749482
rotterdam_0168,,10,20.0,1463.7059185707567,2965.4498572283983,0.49358646716042665
rotterdam_0169,Prins Alexanderschool,10,20.0,1314.295169377774,2908.245335099548,0.45192032237293567
rotterdam_0170,Agnesschool,10,20.0,891.1384044855834,2228.379221122265,0.39990428740256556
rotterdam_0171,,10,20.0,970.784965340197,2301.1435035818818,0.42187067596136707
rotterdam_0172,Het Landje,10,20.0,3232.4634929466247,7706.296265709102,0.4194574645838881
rotterdam_0173,,10,20.0,2300.0622274732586,4301.937452250719,0.5346572917441874
rotterdam_0174,De Piloot,10,20.0,1346.387091741562,4770.46738004148,0.2822337906290966
rotterdam_0175,De Waterlelie,10,20.0,2185.523319417834,4284.865126944184,0.5100565022863328
rotterdam_0176,,10,20.0,1893.6330053277313,5103.878397112936,0.3710184408779969
rotterdam_0177,Jan Antonie Bijloo,10,20.0,1171.6075671161711,4815.0501519810405,0.24332198630042107
rotterdam_0178,Rudolf Steinerschool,10,20.0,1024.6143718335034,3739.035855730101,0.274031705329403
rotterdam_0179,De Bavokring,10,20.0,3071.9400745499133,6911.73889904242,0.4444525638801999
rotterdam_0180,De Margriet,10,20.0,1921.4393762397767,5008.230552372634,0.3836563345370554
rotterdam_0181,A. Willeboerschool,10,20.0,708.7661101901532,2454.7693136289718,0.288730230679949
rotterdam_0182,De Triangel,10,20.0,3111.3349357071147,4541.035011954601,0.6851598649903164
rotterdam_0183,Wilhelminaschool,10,20.0,1893.5493696784974,5495.055534318164,0.3445914891765425
rotterdam_0184,Kindcentrum IJsselmonde,10,20.0,1035.5313551978952,1599.7513821892533,0.6473076796350535
rotterdam_0185,Rotterdamse Schoolvereniging Zuid,10,20.0,1127.1446911597252,2805.5313545259833,0.40175800899226277
rotterdam_0186,Oranjeschool,10,20.0,5600.669447944164,8866.933050308227,0.6316354726225746
rotterdam_0187,Nieuwe Park Rozenburgschool,10,20.0,1353.0745561385154,4850.276054453105,0.27896856610795157
rotterdam_0188,De Stern,10,20.0,117.08173005852848,807.6717297640629,0.14496202571399944
rotterdam_0189,PCBS Beatrixschool,10,20.0,3590.8207302302117,5490.573837299515,0.653997348298356
rotterdam_0190,Over de Slinge,10,20.0,3553.785953850746,5295.745780064091,0.6710643035828915
rotterdam_0191,De Margriet,10,20.0,2023.190508761406,6620.76115503043,0.30558276629933906
rotterdam_0192,Prinses Margrietschool,10,20.0,758.6258696132899,2523.1983440717686,0.3006604183122086
rotterdam_0193,De Kleine Plantage,10,20.0,1015.540529899597,2435.6906940031054,0.416941499345525
rotterdam_0194,Waldorfschool Nesselande,10,20.0,572.1378755178954,1697.2866909763125,0.3370897082736155
rotterdam_0195,OBS Passe-Partout,10,20.0,53.935783574273806,888.3577625882533,0.060714034193983406
rotterdam_0196,Vrijeschool Vredehof,10,20.0,2436.3064858987927,4278.723400830966,0.5694003228686483
rotterdam_0197,Montessorischool Kralingen,10,20.0,2094.4046902621026,3900.3317484901845,0.5369811660438487
rotterdam_0198,Luzac,10,20.0,2951.88441711843,7321.824549115896,0.403162408128841
rotterdam_0199,Nieuwe Park Rozenburgschool,10,20.0,3288.891178483963,6447.587625563145,0.5100963910043339
rotterdam_0200,Openbare Basisschool Crooswijk,10,20.0,2175.1801354312897,8947.874137954712,0.24309462805301466
rotterdam_0201,Waalse School,10,20.0,2048.849372119904,9627.747719802857,0.2128067157291339
rotterdam_0202,Arentschool,10,20.0,1881.4262227272986,5657.582753512934,0.33254948353324115
rotterdam_0203,IBS Noen,10,20.0,1388.8182107257842,4542.516193872541,0.30573764659313246
rotterdam_0204,De Blijberg,10,20.0,2022.8522550010682,4086.217951138913,0.49504267251267337
rotterdam_0205,De Margriet,10,20.0,2384.9605188083647,4469.615744489729,0.5335940839542219
rotterdam_0206,Dominicusschool,10,20.0,2237.8316451227665,4482.193952547014,0.4992714882074915
rotterdam_0207,De Archipel,10,20.0,1846.639627748728,5427.250215969588,0.3402532690154995
rotterdam_0208,Auris Taalfontein,10,20.0,785.298738777861,2840.8877901678534,0.27642722866272085
rotterdam_0209,Auris Hildernisseschool,10,20.0,1867.0204232358933,2603.7243947066368,0.7170576221629062
rotterdam_0210,Auris Doctor M. Polanoschool,10,20.0,2063.2436920046807,3791.3194986990093,0.5442020100687063
rotterdam_0211,,10,20.0,1093.8448787230252,3286.0926814711097,0.3328709761872375
rotterdam_0212,"Bergse Veld School, Horizon",10,20.0,759.5530710922555,2228.930591672994,0.34077017648277197
rotterdam_0213,Ibn-i Sina,10,20.0,2860.249298392981,5105.119754558797,0.5602707548317198
rotterdam_0214,Pniëlschool,10,20.0,2860.954401545524,7898.834059580566,0.36219958287077153
rotterdam_0215,Mr. Schats Noord,10,20.0,1067.3440072596072,4193.741247648,0.2545087892244692
rotterdam_0216,IBS Risala,10,20.0,2810.359695920944,6978.669572020173,0.40270708720593656
rotterdam_0217,IBS Al-Ghazali,10,20.0,2616.788150863648,4601.626300062089,0.5686659411756969
rotterdam_0218,De Wilgenstam,10,20.0,3359.641506507788,5591.961165458411,0.600798433161575
rotterdam_0219,Emmaschool (Nevenvestiging),10,20.0,1436.4974346739054,2933.711770356297,0.4896518632774357
rotterdam_0220,Emmaschool (Hoofdvestiging),10,20.0,1596.9592800998687,2957.6393770796058,0.5399438797290823
rotterdam_0221,Emmaschool (nevenvestiging),10,20.0,1477.4577510595323,2828.2619045627116,0.5223907123580083
rotterdam_0222,Koninklijke Visio Onderwijs Rotterdam,10,20.0,2362.768605451584,4952.591367529036,0.47707723696785115
rotterdam_0223,Juliana van Stolbergschool,10,20.0,4125.005829353333,9519.292543754578,0.4333311336313189
rotterdam_0224,De Globe,10,20.0,3074.922762966156,5872.811845160722,0.5235861192283786
rotterdam_0225,Recon openluchtschool,10,20.0,1729.2397549103198,4024.7803219586613,0.4296482333397974
rotterdam_0226,Doctor A. van Voorthuysenschool,10,20.0,675.917650615424,1991.4889444969222,0.3394031648948823
rotterdam_0227,Wereld op Zuid,10,20.0,1947.4407822227477,2897.9284613779564,0.672011337814994
rotterdam_0228,Basisschool Park16Hoven,10,20.0,102.4202527547069,743.0567807501834,0.13783637456521738
rotterdam_0229,Shri Saraswatie School,10,20.0,1288.2508986663818,5675.439595746995,0.22698698082026253
rotterdam_0230,Vrijeschool Rotterdam-West,10,20.0,1616.5970926284788,5829.968550844193,0.27729087704845196
rotterdam_0231,De Rotterdamse Montessorischool,10,20.0,1355.8005492973325,5713.517929959296,0.237296979884859
rotterdam_0232,De Korf,10,20.0,3766.7500964355468,7713.587935919761,0.48832659039186843
rotterdam_0233,Lucas,10,20.0,3429.0700266075132,7876.345985374452,0.43536305197548925
rotterdam_0234,Lombardia,10,20.0,1189.8586007133126,2870.4938221457596,0.4145135556584707
rotterdam_0235,MFC,10,20.0,2523.2190034389496,4153.604675824642,0.6074769267583219
rotterdam_0236,Maria Basisschool,10,20.0,3382.2670657157896,8438.898232021333,0.40079486358560457
rotterdam_0237,Basisschool De Nieuwe Haven,10,20.0,686.3538297152426,2466.216099306932,0.2783023879813797
rotterdam_0238,Basisschool Het Open Venster,10,20.0,2130.7400325810913,4661.443103644549,0.45709879648969054
rotterdam_0239,,10,20.0,840.9433146397769,3848.5220960578326,0.2185107149316312
rotterdam_0240,,10,20.0,828.8607466793061,3529.7754687547686,0.23481968017974553
rotterdam_0241,Talma,10,20.0,2333.09594183445,5099.073702614866,0.45755289644823344
rotterdam_0242,KDV de Villa,10,20.0,1725.917511320114,3485.514761743546,0.4951686133318124
rotterdam_0243,Meester Van Eijckschool,10,20.0,1949.8941016727686,3381.24227147758,0.5766797955062469
rotterdam_0244,Rotterdams Onderwijs- en Revalidatiecentrum,10,20.0,706.5455557462014,3423.45940521121,0.20638350630671817
rotterdam_0245,CBS Beatrix,10,20.0,1880.0654559940099,3331.4136777600647,0.5643446409988042
rotterdam_0246,,10,20.0,1730.2426603627205,3676.198044193536,0.4706608946423863
rotterdam_0247,Ibn-i-Sina,10,20.0,1379.135578655284,3828.3071183221,0.36024684959438213
rotterdam_0248,,10,20.0,1996.723386027366,3717.3893497373165,0.5371305500104425
rotterdam_0249,De Lis,10,20.0,2597.6412260437014,7400.810902938843,0.35099413565778104
rotterdam_0250,Harbour Bilingual,10,20.0,2783.299444065094,7239.5537268495555,0.3844573227963743
rotterdam_0251,De Starrenburg,10,20.0,2213.036999454498,4900.914231885821,0.45155595359254924
rotterdam_0252,Nicolaasschool,10,20.0,2962.171467199326,6866.210938525201,0.4314128263346907
rotterdam_0253,Het Epos,10,20.0,1935.6738125872614,3224.121894849008,0.600372403934161
rotterdam_0254,Steven Stemerdingschool,10,20.0,1440.8082275643947,2845.4276014765724,0.506359123956174
rotterdam_0255,Tarcisiusschool,10,20.0,1454.7574094247818,3251.068864917457,0.44747049966341373
rotterdam_0256,De Bergse Zonnebloem,10,20.0,1778.8483186531066,4542.264394294023,0.39162148308400757
rotterdam_0257,Tarcisiusschool,10,20.0,2646.177376523018,4254.4370861208445,0.6219806105854953
rotterdam_0258,Vivere,10,20.0,2424.320008683205,4986.385578252077,0.4861878349834759
rotterdam_0259,Koningin Wilhelmina School,10,20.0,2326.3056809711456,8029.30202334404,0.289727011663996
rotterdam_0260,De Piloot,10,20.0,804.8929210722447,3827.3884112682936,0.21029820718026496
rotterdam_0261,,10,20.0,2281.3797537183764,5540.647927958966,0.4117532431913209
rotterdam_0262,Prinses Julianaschool,10,20.0,4059.9482011413575,9372.565031023027,0.43317364965759103
rotterdam_0263,De Fontein,10,20.0,2843.8260458946224,6435.982353957892,0.44186355547506656
rotterdam_0264,De Stelberg,10,20.0,1458.4566970396043,3985.369259234667,0.3659527140829304
rotterdam_0265,De Stelberg,10,20.0,1429.345579944849,3973.301510898844,0.3597375069634474
rotterdam_0266,De Clipper,10,20.0,1372.2317822125553,4927.180941049159,0.2785024131710418
rotterdam_0267,De Mare,10,20.0,1985.5293023741244,4485.497289996185,0.4426553342931154
rotterdam_0268,Montessorischool Tuinstad,10,20.0,969.8361356854439,3426.811505787261,0.28301414712993905
rotterdam_0269,Openbare Daltonschool Overschie,10,20.0,1745.6730201053617,4379.504411419034,0.39860058493233347
rotterdam_0270,De Kring,10,20.0,1305.918408508301,4866.811555881501,0.2683314103111532
rotterdam_0271,Sonnevanck,10,20.0,2853.678497681618,5544.412066770792,0.5146945182491953
rotterdam_0272,Laurens Cupertino,10,20.0,3189.6033311867714,7536.0484774637225,0.42324612702866277
rotterdam_0273,Nova,10,20.0,2074.926581091285,4683.715519350525,0.4430086696168532
rotterdam_0274,Openbare Basisschool Delfshaven,10,20.0,2051.917804120481,3916.3075688432154,0.5239419448168032
rotterdam_0275,De Vlinder,10,20.0,2729.719104881287,7073.516198821664,0.38590695605334374
rotterdam_0276,Imeldaschool,10,20.0,4629.303584709167,9155.469413714409,0.5056325760615523
rotterdam_0277,Bergkristal,10,20.0,5148.143849029541,9679.700806326866,0.5318494808914549
rotterdam_0278,Kindcentrum Het Oude Westen,10,20.0,3417.93487657547,9087.236202550976,0.37612479750619715
rotterdam_0279,Mozaïek,10,20.0,3070.29863658905,10344.95782535553,0.29679179832553176
rotterdam_0280,Het Landje,10,20.0,3885.4463282203674,8573.441206606329,0.4531956579146315
rotterdam_0281,Jacob Maris,10,20.0,1365.7481875562669,3978.810745303631,0.34325537829823166
rotterdam_0282,Accent Vso Op Noord,10,20.0,557.7466004228592,3360.6518705749513,0.16596381354056708
rotterdam_0283,De Globe,10,20.0,3712.059187541008,5740.525072081089,0.6466410547694534
rotterdam_0000,PCBS Prinses Margriet,15,20.0,4548.000953651517,8744.438498164563,0.5201021145732949
rotterdam_0001,Peuterspeelzaal Dikkie Dik,15,20.0,3772.581600984633,5870.986413070559,0.6425805368218441
rotterdam_0002,Basisschool Müllerpier,15,20.0,2186.050937379897,6319.437830842213,0.3459249059640728
rotterdam_0003,De Boog,15,20.0,6269.273383757472,11140.983688278795,0.5627217092466663
rotterdam_0004,Basisschool de Wissel,15,20.0,4131.827622296811,8558.19174247384,0.4827921302336304
rotterdam_0005,Delfshaven,15,20.0,2731.9355882517993,11126.263685360998,0.24553935314747666
rotterdam_0006,,15,20.0,2775.993125440329,10714.025078532548,0.25909899455084573
rotterdam_0007,Luzac Rotterdam,15,20.0,7456.652878143843,11875.779652216788,0.6278874395208192
rotterdam_0008,BSO Prinsjes en Prinsesjes,15,20.0,5644.6974760043995,8727.810052550472,0.6467484331140875
rotterdam_0009,CBS De Sleutel,15,20.0,10585.950996931791,16277.53861986041,0.6503410155645861
rotterdam_0010,Oranjeschool,15,20.0,9674.730824064018,14510.796202536112,0.6667263938537794
rotterdam_0011,Het Podium,15,20.0,3421.331712703705,6498.617848058045,0.5264706731026024
rotterdam_0012,Cornelis Leeflang,15,20.0,4294.089647338391,7199.022568771812,0.5964823149694589
rotterdam_0013,Augustinusschool,15,20.0,10256.212016944886,19741.03020009011,0.5195378312575638
rotterdam_0014,Small Kidz,15,20.0,11710.39687846899,21018.60592122555,0.5571443188172293
rotterdam_0015,Baboeloes,15,20.0,12906.683691413104,21149.080478839278,0.6102716240702234
rotterdam_0016,KOV Toverkunst,15,20.0,2847.6184659386986,6326.000302416971,0.4501451675319571
rotterdam_0017,OBS Pluspunt,15,20.0,2468.9853229081627,7601.203910487071,0.324815036142078
rotterdam_0018,De Kijkdoos,15,20.0,9325.662988555134,15043.650778589843,0.6199069046343084
rotterdam_0019,PCBS Willem van Oranje,15,20.0,8132.670266872644,14329.784808787106,0.5675361057680115
rotterdam_0020,CBS De Sleutel,15,20.0,10594.749452826976,16428.674895034434,0.6448937312667401
rotterdam_0021,Pantarijn,15,20.0,8854.49647313118,17298.385934866667,0.5118683619657275
rotterdam_0022,Christophoor,15,20.0,3065.212718063425,4862.071897935131,0.630433441217763
rotterdam_0023,De Catamaran,15,20.0,5172.825449037552,7245.727249039634,0.7139139069474594
rotterdam_0024,,15,20.0,4578.438355970383,7000.794475347893,0.6539883969016052
rotterdam_0025,De Regenboog,15,20.0,2534.7983227040995,4619.879103238266,0.5486720033273931
rotterdam_0026,Da Costa School,15,20.0,8618.449243509174,14090.357276735604,0.6116558348551586
rotterdam_0027,BSO Nieuwenoord,15,20.0,3717.976971500516,7633.005410800577,0.48709214410350604
rotterdam_0028,KDV De Sprookjesboom,15,20.0,5200.37898863852,9215.969652623422,0.5642790921255018
rotterdam_0029,KDV Kabouterland,15,20.0,1762.7822571776946,3068.2359878679085,0.5745262959393933
rotterdam_0030,BSO Stormpolder,15,20.0,2183.1218944097823,6782.4748235239185,0.3218768887778214
rotterdam_0031,De Droomplaats Kiekebos & Buitengewoon,15,20.0,859.0541673725843,5518.701724050465,0.15566236595625962
rotterdam_0032,SBO van Heuven Goedhart,15,20.0,2838.3717439343036,7783.553400859237,0.364662718652508
rotterdam_0033,Phuntsok Chö Ling,15,20.0,3956.0966418574753,8490.77909653265,0.4659285793306074
rotterdam_0034,Peutermontessori,15,20.0,7536.309947690964,14240.114932911396,0.5292309776428302
rotterdam_0035,Harbour International Primary School,15,20.0,7607.975591320992,14927.290474557878,0.5096688916376385
rotterdam_0036,De Dikkedeur,15,20.0,187.53663002293558,1422.6874035876103,0.1318185776791317
rotterdam_0037,Wow verbazisschool,15,20.0,1514.4925597503782,3161.086720893797,0.47910503363924023
rotterdam_0038,Kindercentrum Prinses Amalia,15,20.0,5129.974372290522,8504.7854894723,0.6031868033168728
rotterdam_0039,OBS De Groene Palm,15,20.0,4211.81514257498,6966.1211329495345,0.6046141119558238
rotterdam_0040,PC de Regenboog,15,20.0,4057.7764429694416,7011.035718525793,0.5787699001799792
rotterdam_0041,Zadkine,15,20.0,8699.095485973357,22688.832139582635,0.3834086934248604
rotterdam_0042,De Globetrotter,15,20.0,822.6064518530667,6308.48995926436,0.13039672840328842
rotterdam_0043,Kleine prins,15,20.0,2482.439397990396,7874.133100300925,0.31526510491618753
rotterdam_0044,Basisschool Müllerpier,15,20.0,2198.843538634181,6557.243269327358,0.3353304808622326
rotterdam_0045,Sagenn,15,20.0,2516.9799776157693,5663.77132566738,0.44440000008637104
rotterdam_0046,KindeRdam,15,20.0,6939.214661032445,14697.269853118434,0.47214310755545513
rotterdam_0047,gro-up,15,20.0,7113.723485002778,13763.87980507261,0.516839988851185
rotterdam_0048,Het Steigertje,15,20.0,7577.523533080517,14763.680453784233,0.5132543715505739
rotterdam_0049,Rolykids,15,20.0,6714.038488077931,13601.198396904245,0.49363580268089513
rotterdam_0050,Kiddoozz,15,20.0,7876.030108546018,13831.330565620548,0.5694340158511465
rotterdam_0051,St. Michaëlschool,15,20.0,2838.04477458816,4500.954001753964,0.6305429412258403
rotterdam_0052,Eduard van Beinum,15,20.0,3310.50549145706,4719.722782577351,0.7014194782112301
rotterdam_0053,Kinderdam,15,20.0,827.1286980231107,6173.521724901759,0.13398004168135863
rotterdam_0054,Small Kidz,15,20.0,9478.653572020234,18879.014830684966,0.5020735275134233
rotterdam_0055,Kiddoozz,15,20.0,4074.8807858031987,7291.129280549474,0.55888198233897
rotterdam_0056,Sjakie,15,20.0,1186.893355874419,3603.005440350771,0.3294175863800164
rotterdam_0057,Het Randstadje,15,20.0,3031.345665847659,5367.509386886358,0.5647583352632224
rotterdam_0058,De Pijler,15,20.0,3428.8378477376705,7272.437260064482,0.47148400530955814
rotterdam_0059,Het Steigertje,15,20.0,12083.19703925252,21920.808944538825,0.5512203983814581
rotterdam_0060,Willibrordschool,15,20.0,12083.19703925252,21857.95136223673,0.5528055598169308
rotterdam_0061,Jan Prins,15,20.0,13062.95727915406,21849.51520295023,0.5978602800940056
rotterdam_0062,OBS de Schalm,15,20.0,1165.146082184352,3858.7012225447966,0.3019529149800158
rotterdam_0063,Zadkine,15,20.0,4740.726856064796,8741.340647410452,0.542334070628994
rotterdam_0064,De Stoomtram,15,20.0,2922.4245812398194,7653.9541165715455,0.38181893133021133
rotterdam_0065,De Regenboog (obs),15,20.0,2891.108921505213,5813.621189676812,0.49729915781904155
rotterdam_0066,Young Rotterdam Business School / Young Waldorf School,15,20.0,4733.0356101178,10076.306449359097,0.469719299815345
rotterdam_0067,KDBS Het Tangram,15,20.0,1622.481348719597,6116.130514612896,0.26527905917689326
rotterdam_0068,OBS Passe Partout,15,20.0,2681.079063911438,6257.551892231508,0.42845494693218394
rotterdam_0069,De Horizon,15,20.0,3629.105229633451,8093.653531584591,0.44838900200895276
rotterdam_0070,Peuterspeelzaal Dominootje,15,20.0,4455.201727747321,8946.807502631993,0.4979655286465791
rotterdam_0071,De Klimop Oude Noorden,15,20.0,9477.577906608582,21459.010169415473,0.44165960273957705
rotterdam_0072,Rotterdamsche Schoolvereniging Noord,15,20.0,9478.653572020234,18249.947388479104,0.5193797751989112
rotterdam_0073,Het Ritme,15,20.0,3778.09883922847,7833.35092397552,0.48230940703356606
rotterdam_0074,Sint Mattheusschool,15,20.0,3274.124334782753,7822.272728917711,0.4185643288399842
rotterdam_0075,Het Epos,15,20.0,2529.9002969487383,6182.986867911033,0.40917122274326995
rotterdam_0076,Kindergarden,15,20.0,5225.6708527606725,10513.492981640475,0.49704421374382124
rotterdam_0077,Kindergarden,15,20.0,5251.7195705708855,9048.38450125821,0.5804041118987169
rotterdam_0078,Kindergarden,15,20.0,1784.353385835588,4545.063165139305,0.3925915484567084
rotterdam_0079,Kindergarden,15,20.0,2066.9576704484225,3949.54392662555,0.5233408486772826
rotterdam_0080,Kindergarden,15,20.0,1901.6415693120287,4365.181012604614,0.43563865136886
rotterdam_0081,CompaNanny,15,20.0,6148.692586810514,10026.164197383914,0.6132647008129856
rotterdam_0082,Fatimaschool,15,20.0,5691.422613718062,7666.66270617135,0.7423598548474944
rotterdam_0083,De Toermalijn,15,20.0,2980.217670779638,4905.070720220516,0.6075789404002022
rotterdam_0084,Shri Saraswatie,15,20.0,6947.746181640625,11758.693276671172,0.5908603973389378
rotterdam_0085,Accent VSO Op Zuid,15,20.0,5413.7305067822335,8423.868130331635,0.6426656285476662
rotterdam_0086,Mytylschool De Brug,15,20.0,2343.9138993089505,6942.570923694884,0.33761468554958646
rotterdam_0087,Tytylschool Rotterdam,15,20.0,2343.9138993089505,6950.063183063781,0.33725073248552656
rotterdam_0088,Kindcentrum Blijvliet,15,20.0,10671.224159214496,15956.870494309664,0.6687541998300941
rotterdam_0089,Winford Rotterdam,15,20.0,6861.845944371745,10687.046120515628,0.6420713326200819
rotterdam_0090,Aja Kabaja,15,20.0,4553.7107204127315,9642.074821232556,0.47227498280609964
rotterdam_0091,gro-up kinderopvang,15,20.0,5179.723548075557,9131.766079510899,0.567220349598901
rotterdam_0092,Oscar Romeroschool,15,20.0,7855.865705318451,17225.002570688575,0.45607341264997037
rotterdam_0093,Dikkertje Dap,15,20.0,7638.883235414029,16768.390045466687,0.4555525733061768
rotterdam_0094,Het Randstadje,15,20.0,8996.149774415493,16346.054137249143,0.5503560491651133
rotterdam_0095,Van Brienenoordschool,15,20.0,1762.7822571776946,3247.8375607081225,0.5427556718056297
rotterdam_0096,CSG Calvijn Lombardijen,15,20.0,3512.359544086456,9329.57101419717,0.3764759964570249
rotterdam_0097,Christelijke Basisschool De Akker,15,20.0,8742.401512386798,15153.86896246314,0.5769088761452369
rotterdam_0098,BSO de Kantine,15,20.0,3865.8046100515126,8112.161995049304,0.4765443062417563
rotterdam_0099,A.J. Schreuderschool,15,20.0,5260.0488600704075,9730.44389305413,0.540576454464239
rotterdam_0100,"Openbare Montessorischool de Mare, gebouw het Zonnetje",15,20.0,3512.359544086456,9260.315758134759,0.3792915528826337
rotterdam_0101,LMC Expertisecentrum en onderwijsopvangvoorzieningen EZ Zuid,15,20.0,5138.010291801393,9782.644213676227,0.5252169229070405
rotterdam_0102,Vreewijkschool,15,20.0,5325.961937634051,9780.664733521342,0.544539873591653
rotterdam_0103,Nieuw Zuid locatie Olympiaweg,15,20.0,1547.8248408830163,7837.128716390431,0.19749896893308938
rotterdam_0104,A.J. Schreuderschool,15,20.0,4708.817900148928,6977.127314198911,0.6748935038875061
rotterdam_0105,Kindcentrum Talma,15,20.0,3155.150834485292,10040.547942979874,0.3142409012340111
rotterdam_0106,Johannes-Martinusschool,15,20.0,9640.65150513649,17993.48539992094,0.5357856630255108
rotterdam_0107,,15,20.0,8132.670266872644,14268.42773625493,0.5699766237178454
rotterdam_0108,Obs de Toermalijn,15,20.0,2706.743151729107,5392.87365120573,0.501911100981188
rotterdam_0109,De Droomplaats Kinderopvang Kiekeboe,15,20.0,88.93770493723451,4495.911399809472,0.019781907833193405
rotterdam_0110,Kinderdagverblijf Katinka,15,20.0,2553.871579116284,4932.2571908621485,0.5177896205104163
rotterdam_0111,OBS Finlandia,15,20.0,3206.6295890684423,6362.335005809516,0.5040020033746155
rotterdam_0112,Mariaschool,15,20.0,7250.546479673386,13510.296637380721,0.5366681927332626
rotterdam_0113,Mariaschool,15,20.0,7250.546479673386,13509.882892864347,0.5366846283695754
rotterdam_0114,OBS Kasteel Spangen,15,20.0,4018.980314559937,9550.72558035627,0.4208036636322261
rotterdam_0115,,15,20.0,4548.000953651517,8744.438498164563,0.5201021145732949
rotterdam_0116,CBS De Ark,15,20.0,8906.81399517536,16865.7840699625,0.5280996103251524
rotterdam_0117,Van Oldenbarneveltschool,15,20.0,5109.944566478729,11381.121749356984,0.44898426350350157
rotterdam_0118,Petrus Datheen,15,20.0,1473.1575955817104,6625.802803670764,0.22233646838471646
rotterdam_0119,Instituut Mr. Schats Zuid,15,20.0,4276.718936939239,8525.80431093365,0.501620583931852
rotterdam_0120,Het Festijn,15,20.0,5199.772826977968,9036.775086746811,0.5754013768256633
rotterdam_0121,Openbare Literaire Basisschool de Piramide,15,20.0,5508.066331932545,9232.282297785878,0.5966093923767378
rotterdam_0122,,15,20.0,5570.45876252547,7983.394041046053,0.6977557081468548
rotterdam_0123,,15,20.0,4373.194836512729,9655.039104029145,0.45294429047809354
rotterdam_0124,osbs De Kameleon,15,20.0,4462.043163690641,9165.323578982116,0.4868396762251779
rotterdam_0125,KBS Elisabethschool,15,20.0,5205.197897037044,9204.003247466568,0.5655362951408988
rotterdam_0126,Tyltylschool Rotterdam,15,20.0,2481.6016711797147,8332.973707697089,0.29780505234133675
rotterdam_0127,CSG Calvijn - Calvijn Business School,15,20.0,3751.8462812711255,8691.155095625516,0.43168557458599804
rotterdam_0128,Emmauscollege,15,20.0,3525.4099848732353,5254.017491017282,0.6709931953786942
rotterdam_0129,Minister Marga Klompeschool,15,20.0,4378.0974897106735,8755.214281435758,0.5000560065096105
rotterdam_0130,Fridtjof Nansenschool,15,20.0,3511.023165934719,6911.30212032441,0.5080118195975949
rotterdam_0131,De Kralingsche School,15,20.0,5108.885532538187,8741.892701341436,0.5844141202687415
rotterdam_0132,De Triangel,15,20.0,5148.69984189609,7930.087968048747,0.6492613780125523
rotterdam_0133,,15,20.0,4086.4862923559544,7892.105619134149,0.5177941717414937
rotterdam_0134,,15,20.0,12083.19703925252,22215.71152064203,0.5439032203864033
rotterdam_0135,,15,20.0,793.9074289424718,4780.76759879401,0.1660627530070154
rotterdam_0136,OBS Charlois,15,20.0,3790.6597928375004,6712.5637705345825,0.5647111777882768
rotterdam_0137,,15,20.0,3031.345665847659,5408.920857304334,0.5604344648071635
rotterdam_0138,Het Kompas,15,20.0,6756.822930148841,13471.27821699489,0.5015725175673881
rotterdam_0139,,15,20.0,7450.860489256382,11065.98051736772,0.6733122724698895
rotterdam_0140,,15,20.0,6912.17433566451,13444.879202126265,0.5141120445746639
rotterdam_0141,,15,20.0,4131.827622296811,8354.875187087357,0.4945409153068667
rotterdam_0142,Katholieke basisschool voor Jenaplanonderwijs: Meester Baars,15,20.0,2964.6140075457843,5646.49941573178,0.5250357414872013
rotterdam_0143,Onze Wereld,15,20.0,5010.079018841014,7951.127931393822,0.6301092199836802
rotterdam_0144,Basisschool Park16Hoven,15,20.0,1541.3694707509362,3053.0409315362804,0.504863677007869
rotterdam_0145,De Horizon,15,20.0,4236.79711864829,8709.021642489433,0.4864837053542126
rotterdam_0146,Plazja Plus,15,20.0,2468.9853229081627,7584.4369126216325,0.3255331083049031
rotterdam_0147,,15,20.0,1683.8166282323002,3118.366732824263,0.5399674805750926
rotterdam_0148,Goede Herderschool,15,20.0,6220.309207656682,8211.792221438849,0.7574849728195845
rotterdam_0149,Isra,15,20.0,6275.163456509561,8584.039577398022,0.7310268551221751
rotterdam_0150,,15,20.0,3470.9973313565315,7663.205009990106,0.45294329550515483
rotterdam_0151,,15,20.0,4400.942339191437,9773.422251324802,0.4502969610869808
rotterdam_0152,Kruidenhoek,15,20.0,5184.726722263098,9318.589589785784,0.5563853491247365
rotterdam_0153,Kindcentrum IJsselmonde,15,20.0,5161.016448217035,9097.10422045648,0.5673251974635575
rotterdam_0154,,15,20.0,2900.912740097046,7092.686369486302,0.4090005660728445
rotterdam_0155,de Regenboog,15,20.0,4119.401131929606,6945.956743229773,0.593064610709646
rotterdam_0156,Paus Joannesschool,15,20.0,3004.922450993061,7340.335085425228,0.40937129109535536
rotterdam_0157,Albert Schweitzerschool,15,20.0,4578.438355970383,7077.287790218294,0.6469199065634103
rotterdam_0158,De Pionier,15,20.0,5690.892994948327,8702.417441099584,0.6539439223027276
rotterdam_0159,,15,20.0,3377.7299196630715,5760.789655712657,0.5863310624982746
rotterdam_0160,,15,20.0,2551.7088266658784,6505.485695615709,0.3922395568997363
rotterdam_0161,,15,20.0,1056.780971868336,1823.5853343527017,0.579507277208637
rotterdam_0162,,15,20.0,1509.6783915328979,3594.9250372904544,0.41994711318675054
rotterdam_0163,Heijbergschool,15,20.0,2520.0359700660038,5022.01253131289,0.5017980250653015
rotterdam_0164,De Hildegaertschool,15,20.0,4004.54056469433,5644.639881843664,0.7094412838585478
rotterdam_0165,,15,20.0,2721.882776380852,4517.700440962948,0.6024929744568639
rotterdam_0166,,15,20.0,2324.0968246305733,4194.993405261673,0.5540168005307274
rotterdam_0167,,15,20.0,2934.3513942397385,4674.806559774354,0.6276947199247053
rotterdam_0168,,15,20.0,3018.044064446092,5806.65158486791,0.5197563553341296
rotterdam_0169,Prins Alexanderschool,15,20.0,3328.3814201370437,6106.711275126823,0.5450366441416408
rotterdam_0170,Agnesschool,15,20.0,2179.298774988055,4419.609602728784,0.49309757441980806
rotterdam_0171,,15,20.0,2461.36042745173,4688.783189544078,0.5249465219335648
rotterdam_0172,Het Landje,15,20.0,7196.207054336369,15268.277421500246,0.47131754654935243
rotterdam_0173,,15,20.0,4077.9205043590064,7168.304988857042,0.568882115185952
rotterdam_0174,De Piloot,15,20.0,2947.648910970688,9439.550992731005,0.3122657966719547
rotterdam_0175,De Waterlelie,15,20.0,4686.743545507789,7404.231613118947,0.6329817583236774
rotterdam_0176,,15,20.0,4380.646529055089,7457.133298958819,0.5874437740930183
rotterdam_0177,Jan Antonie Bijloo,15,20.0,3487.6307832959296,10404.080809928104,0.3352175792375483
rotterdam_0178,Rudolf Steinerschool,15,20.0,2377.811699184105,9112.728250280545,0.26093301960484794
rotterdam_0179,De Bavokring,15,20.0,7423.804201093241,11223.589482083251,0.6614465196668332
rotterdam_0180,De Margriet,15,20.0,3761.940415351838,9377.643634042592,0.4011605219988627
rotterdam_0181,A. Willeboerschool,15,20.0,2225.259682539105,4303.909124361751,0.5170322184414384
rotterdam_0182,De Triangel,15,20.0,5487.349074104111,7805.956718260567,0.702969446559637
rotterdam_0183,Wilhelminaschool,15,20.0,4293.853311685324,8695.608090681726,0.49379563417613626
rotterdam_0184,Kindcentrum IJsselmonde,15,20.0,1615.9718000672106,3552.76581176735,0.45484895027835603
rotterdam_0185,Rotterdamse Schoolvereniging Zuid,15,20.0,3047.8033498975637,7291.050009386754,0.4180198114090172
rotterdam_0186,Oranjeschool,15,20.0,10031.953783122899,15058.908641134498,0.6661806656904665
rotterdam_0187,Nieuwe Park Rozenburgschool,15,20.0,4265.8814728280895,8997.240668760911,0.4741321956229922
rotterdam_0188,De Stern,15,20.0,414.00941972240804,3018.7921076491334,0.1371440645658821
rotterdam_0189,PCBS Beatrixschool,15,20.0,5518.494860894457,7641.461050432083,0.7221779741431014
rotterdam_0190,Over de Slinge,15,20.0,5496.486736319438,7714.017222877839,0.7125323391835628
rotterdam_0191,De Margriet,15,20.0,6089.328262666315,13585.913356312813,0.44820897226146783
rotterdam_0192,Prinses Margrietschool,15,20.0,2199.825644790381,5689.6037195131175,0.3866395188905404
rotterdam_0193,De Kleine Plantage,15,20.0,2638.268000764847,4413.774121131897,0.5977351645915836
rotterdam_0194,Waldorfschool Nesselande,15,20.0,1532.1500014755036,4965.413358974447,0.30856444181153786
rotterdam_0195,OBS Passe-Partout,15,20.0,710.5141507741716,3529.48621751084,0.20130809613283027
rotterdam_0196,Vrijeschool Vredehof,15,20.0,4882.8481398585445,8098.889334801212,0.6029034276189915
rotterdam_0197,Montessorischool Kralingen,15,20.0,4287.322468001023,7438.784344227984,0.5763471919074664
rotterdam_0198,Luzac,15,20.0,7456.652878143843,11866.61529220855,0.6283723449802721
rotterdam_0199,Nieuwe Park Rozenburgschool,15,20.0,6499.809386629164,11463.666748580934,0.5669921787837877
rotterdam_0200,Openbare Basisschool Crooswijk,15,20.0,5412.23593290329,20459.240372920038,0.26453748204977123
rotterdam_0201,Waalse School,15,20.0,5297.486933288574,20942.876198759077,0.25294935055780277
rotterdam_0202,Arentschool,15,20.0,4199.242727678623,11131.787092622408,0.37722988166578136
rotterdam_0203,IBS Noen,15,20.0,4027.6600924627483,10333.670576784276,0.3897608369199739
rotterdam_0204,De Blijberg,15,20.0,3872.5938836091755,8455.656704965457,0.45798854172202297
rotterdam_0205,De Margriet,15,20.0,4498.670935434699,9375.003251345008,0.47985806669339404
rotterdam_0206,Dominicusschool,15,20.0,4455.201727747321,9155.963274936526,0.4865901701400398
rotterdam_0207,De Archipel,15,20.0,4173.952133911848,11961.32832613025,0.34895389710134417
rotterdam_0208,Auris Taalfontein,15,20.0,1998.970870716497,5882.759479659498,0.3398015638117165
rotterdam_0209,Auris Hildernisseschool,15,20.0,2564.0620680668953,4296.942339333147,0.5967178206223773
rotterdam_0210,Auris Doctor M. Polanoschool,15,20.0,4517.266996894777,7633.5492870223525,0.591764961100663
rotterdam_0211,,15,20.0,2813.560177810788,6701.37044612039,0.41984847732744524
rotterdam_0212,"Bergse Veld School, Horizon",15,20.0,2294.687605174966,5011.056454044022,0.457924915877391
rotterdam_0213,Ibn-i Sina,15,20.0,5497.764230905492,8796.301161547299,0.6250086405566424
rotterdam_0214,Pniëlschool,15,20.0,8238.161287754774,16902.885551947355,0.48738194803701246
rotterdam_0215,Mr. Schats Noord,15,20.0,3216.232108312845,7807.238274171465,0.4119551620389304
rotterdam_0216,IBS Risala,15,20.0,7076.417454016805,13063.93431075096,0.5416758294775924
rotterdam_0217,IBS Al-Ghazali,15,20.0,4888.743682252019,9128.492079215199,0.5355477815863229
rotterdam_0218,De Wilgenstam,15,20.0,6602.631212287397,8948.427581703141,0.7378537907361293
rotterdam_0219,Emmaschool (Nevenvestiging),15,20.0,2874.8003370338674,5347.539732291028,0.5375930766207186
rotterdam_0220,Emmaschool (Hoofdvestiging),15,20.0,3300.184982979894,5603.943868846949,0.5889040040757814
rotterdam_0221,Emmaschool (nevenvestiging),15,20.0,3183.649315975308,5505.598979109544,0.5782566670866064
rotterdam_0222,Koninklijke Visio Onderwijs Rotterdam,15,20.0,4796.331841750741,9213.180240872203,0.5205945956069429
rotterdam_0223,Juliana van Stolbergschool,15,20.0,9125.08278623581,17574.912741641998,0.5192107022309612
rotterdam_0224,De Globe,15,20.0,6113.281642099619,13252.159460207855,0.4613045640188617
rotterdam_0225,Recon openluchtschool,15,20.0,4811.518490883895,8471.903055041323,0.5679383321107215
rotterdam_0226,Doctor A. van Voorthuysenschool,15,20.0,983.6716393133253,6003.494397585164,0.1638498471338619
rotterdam_0227,Wereld op Zuid,15,20.0,3432.7504435468,4841.639560715417,0.70900578213211
rotterdam_0228,Basisschool Park16Hoven,15,20.0,311.2046609575022,2469.816995385983,0.12600312555095491
rotterdam_0229,Shri Saraswatie School,15,20.0,4897.068541526794,11785.028530515432,0.41553302385705937
rotterdam_0230,Vrijeschool Rotterdam-West,15,20.0,4581.404662547112,13501.462102690786,0.33932655794619876
rotterdam_0231,De Rotterdamse Montessorischool,15,20.0,4098.23348760128,14161.042276531309,0.28940196685897657
rotterdam_0232,De Korf,15,20.0,7536.309947690964,14487.477172822953,0.5201947763430007
rotterdam_0233,Lucas,15,20.0,8162.556823678016,14837.394189436436,0.5501341218992074
rotterdam_0234,Lombardia,15,20.0,2837.414720235467,6416.014822107516,0.44223942726233295
rotterdam_0235,MFC,15,20.0,4530.642456519604,5280.953057185412,0.8579213652268856
rotterdam_0236,Maria Basisschool,15,20.0,9033.184900541306,17032.35764530897,0.5303543460425876
rotterdam_0237,Basisschool De Nieuwe Haven,15,20.0,768.4957928073313,8544.5253654687,0.08994013826830934
rotterdam_0238,Basisschool Het Open Venster,15,20.0,4762.909633516073,6825.758378962353,0.6977846810686738
rotterdam_0239,,15,20.0,2211.055326884985,7215.477181204259,0.30643230812850564
rotterdam_0240,,15,20.0,3087.3221969366073,6230.289859083891,0.4955342795865633
rotterdam_0241,Talma,15,20.0,4628.162836192623,10464.682178012466,0.4422650165063723
rotterdam_0242,KDV de Villa,15,20.0,3765.725347776413,5182.602795622945,0.7266089060417324
rotterdam_0243,Meester Van Eijckschool,15,20.0,4304.398600932956,6342.063195814937,0.6787063559652613
rotterdam_0244,Rotterdams Onderwijs- en Revalidatiecentrum,15,20.0,2474.0639902460434,7018.809208427785,0.3524905602613231
rotterdam_0245,CBS Beatrix,15,20.0,3772.581600984633,5861.200752537847,0.6436533673328182
rotterdam_0246,,15,20.0,3458.460905443579,8171.247877163739,0.4232475819402042
rotterdam_0247,Ibn-i-Sina,15,20.0,3395.1123449981164,6869.237486672471,0.4942487942199162
rotterdam_0248,,15,20.0,3184.221823517829,6350.168508057148,0.5014389491361783
rotterdam_0249,De Lis,15,20.0,6630.632236385345,14523.31970692098,0.4565507315263167
rotterdam_0250,Harbour Bilingual,15,20.0,7497.400001869201,16657.852706551104,0.45008202041075
rotterdam_0251,De Starrenburg,15,20.0,4834.181349359304,9368.966532427221,0.5159780785455438
rotterdam_0252,Nicolaasschool,15,20.0,6409.156234588623,12761.485672227145,0.5022264961310019
rotterdam_0253,Het Epos,15,20.0,3676.2275071388485,4736.225125674615,0.7761935739098164
rotterdam_0254,Steven Stemerdingschool,15,20.0,3181.7137461138054,4403.605181357628,0.7225247530326698
rotterdam_0255,Tarcisiusschool,15,20.0,3039.3432009458543,6762.817053262554,0.4494196984789938
rotterdam_0256,De Bergse Zonnebloem,15,20.0,3486.2327666544916,9840.516090306937,0.35427336682966104
rotterdam_0257,Tarcisiusschool,15,20.0,4064.6449820530415,9375.818949134351,0.4335242610917014
rotterdam_0258,Vivere,15,20.0,4514.005433840752,7464.924901424647,0.6046953577495836
rotterdam_0259,Koningin Wilhelmina School,15,20.0,5667.999076137543,18626.63388733387,0.30429540358291945
rotterdam_0260,De Piloot,15,20.0,2103.0090252646805,8546.571771968529,0.24606463051796207
rotterdam_0261,,15,20.0,5115.809016976356,11202.472886921169,0.4566678329522259
rotterdam_0262,Prinses Julianaschool,15,20.0,9305.065452489853,17831.160129197575,0.5218429639501304
rotterdam_0263,De Fontein,15,20.0,6868.3404236447805,13641.673818385452,0.5034822350310144
rotterdam_0264,De Stelberg,15,20.0,2743.043556103706,6952.9951210115105,0.3945125098411766
rotterdam_0265,De Stelberg,15,20.0,3076.0472343719002,8628.645618650244,0.35649247521803756
rotterdam_0266,De Clipper,15,20.0,4203.236178273559,9402.115209748747,0.4470521882049861
rotterdam_0267,De Mare,15,20.0,4316.0369797313215,8620.17385780791,0.500690247195186
rotterdam_0268,Montessorischool Tuinstad,15,20.0,2788.4862221172266,7650.618838966218,0.3644785187722171
rotterdam_0269,Openbare Daltonschool Overschie,15,20.0,4237.827301018238,7263.499044958493,0.5834415720009852
rotterdam_0270,De Kring,15,20.0,2906.125124064684,9553.32414632842,0.3042004101976986
rotterdam_0271,Sonnevanck,15,20.0,5704.714843014479,12530.954606481679,0.4552498211160781
rotterdam_0272,Laurens Cupertino,15,20.0,8810.407969653606,14576.928065087497,0.6044077277677588
rotterdam_0273,Nova,15,20.0,4959.101760425717,9437.711995702572,0.5254559328239542
rotterdam_0274,Openbare Basisschool Delfshaven,15,20.0,3796.5136815564333,8787.905693677349,0.43201575140797405
rotterdam_0275,De Vlinder,15,20.0,6037.7847368544335,11413.235913341643,0.5290160286441192
rotterdam_0276,Imeldaschool,15,20.0,11241.114620332719,17074.527640305605,0.6583558185116225
rotterdam_0277,Bergkristal,15,20.0,10187.174569182394,17442.168169462682,0.5840543715785201
rotterdam_0278,Kindcentrum Het Oude Westen,15,20.0,8405.403288516998,17797.606234480143,0.4722771803003942
rotterdam_0279,Mozaïek,15,20.0,7271.165472927094,18186.44445848465,0.3998123706657145
rotterdam_0280,Het Landje,15,20.0,8798.914223597943,16677.016340816084,0.5276072196477426
rotterdam_0281,Jacob Maris,15,20.0,3544.4941971087455,7567.083761714101,0.46840953645078254
rotterdam_0282,Accent Vso Op Noord,15,20.0,1867.0352481663226,7447.160174710528,0.2507043227707795
rotterdam_0283,De Globe,15,20.0,6495.467072627544,10635.384890369027,0.6107411381519042
